race,age_group,education,experience_years,skill_score,interview_score,college_tier,num_previous_jobs,hired
White,21-30,Bachelor,7,42.0,41,1,2,1
Other,21-30,Master,10,58.0,52,2,4,0
Black,51-60,Master,15,74.0,72,2,2,0
Asian,21-30,HighSchool,6,72.0,21,1,1,0
White,21-30,HighSchool,9,64.0,61,1,3,1
White,41-50,Bachelor,13,72.0,44,2,3,0
White,31-40,Bachelor,11,48.0,81,1,2,1
Hispanic,41-50,Bachelor,11,68.0,67,3,4,0
Black,21-30,Master,5,62.0,33,3,4,0
Black,31-40,HighSchool,8,58.0,81,4,2,0
White,21-30,HighSchool,5,62.0,17,2,4,0
Other,21-30,Bachelor,7,68.0,71,3,3,0
Hispanic,51-60,Master,17,52.0,62,2,1,0
White,21-30,HighSchool,7,60.0,90,1,4,1
White,31-40,Bachelor,6,91.0,64,1,0,1
White,31-40,Bachelor,5,41.0,48,2,5,0
White,31-40,Master,5,41.0,41,2,1,1
Asian,41-50,Master,7,76.0,76,1,4,1
Asian,21-30,Bachelor,9,46.0,90,1,2,0
White,41-50,Bachelor,11,34.0,41,2,1,0
Black,51-60,Bachelor,14,72.0,50,2,5,0
White,31-40,Bachelor,6,83.0,84,1,3,1
White,51-60,Master,14,45.0,63,2,2,0
White,21-30,Master,6,38.0,56,2,2,0
Asian,31-40,Master,5,46.0,46,1,7,1
Black,21-30,Master,4,46.0,44,4,4,0
White,41-50,Bachelor,14,93.0,67,1,2,0
Asian,51-60,HighSchool,17,58.0,43,2,0,0
Asian,21-30,Master,4,77.0,52,2,2,1
White,41-50,Bachelor,12,75.0,61,1,1,0
Black,21-30,Master,6,76.0,61,2,2,1
White,31-40,Bachelor,14,55.0,67,2,3,0
White,31-40,HighSchool,8,64.0,54,1,3,0
Hispanic,51-60,PhD,13,53.0,43,3,3,0
Other,31-40,HighSchool,7,73.0,46,1,4,0
Hispanic,31-40,PhD,9,,72,4,1,1
White,21-30,PhD,10,97.0,61,2,4,1
White,21-30,Master,9,59.0,65,1,4,1
Black,21-30,Master,8,59.0,41,3,2,1
Asian,21-30,Bachelor,10,78.0,72,1,4,1
White,41-50,Master,12,74.0,55,1,6,0
Asian,31-40,Bachelor,6,90.0,73,1,6,1
White,31-40,Bachelor,3,,66,1,2,0
Hispanic,21-30,Bachelor,6,51.0,65,2,2,0
White,41-50,Bachelor,11,85.0,17,1,0,1
Black,41-50,Bachelor,10,61.0,70,2,3,0
White,21-30,Bachelor,9,73.0,36,1,1,0
Asian,41-50,Bachelor,13,63.0,68,1,5,0
Asian,31-40,Master,10,78.0,58,1,5,1
White,21-30,Bachelor,7,52.0,31,1,3,1
Other,31-40,PhD,11,58.0,58,2,2,1
Black,31-40,Master,7,17.0,32,4,3,1
Hispanic,21-30,Master,10,47.0,79,4,4,1
Hispanic,51-60,Bachelor,15,70.0,40,2,2,0
Asian,41-50,Master,15,65.0,31,1,3,0
Hispanic,41-50,HighSchool,9,,61,3,2,0
White,31-40,Master,9,86.0,59,2,2,0
White,31-40,HighSchool,5,67.0,69,1,1,0
White,41-50,Master,12,90.0,47,2,1,0
White,31-40,PhD,11,77.0,80,2,5,1
White,21-30,Bachelor,4,67.0,52,2,2,1
White,31-40,Bachelor,8,92.0,31,1,5,1
Hispanic,41-50,Master,9,51.0,30,2,2,0
White,31-40,Bachelor,4,48.0,67,1,1,0
White,21-30,Master,9,88.0,48,1,5,0
Asian,41-50,HighSchool,12,74.0,73,1,4,0
White,21-30,HighSchool,4,85.0,38,1,3,0
Hispanic,21-30,PhD,7,70.0,78,4,1,0
White,21-30,Master,9,89.0,52,2,6,1
Other,31-40,Master,5,57.0,83,1,2,1
Black,41-50,Bachelor,10,,59,2,3,0
White,31-40,Master,5,62.0,63,2,0,1
White,21-30,Bachelor,8,62.0,71,2,3,1
Hispanic,41-50,Bachelor,11,33.0,72,3,4,0
Black,41-50,Master,13,,49,4,4,1
Black,41-50,Bachelor,13,68.0,16,2,4,0
Black,21-30,Bachelor,8,46.0,81,2,0,1
White,31-40,Bachelor,7,51.0,55,1,4,0
White,51-60,Master,16,62.0,90,1,5,1
White,41-50,Bachelor,15,76.0,39,1,3,1
Hispanic,21-30,Master,10,40.0,53,4,2,0
Black,21-30,Bachelor,10,92.0,73,4,3,1
White,31-40,Bachelor,5,45.0,73,1,5,1
White,51-60,Master,19,56.0,57,2,0,0
White,31-40,Bachelor,4,82.0,49,2,4,1
White,31-40,HighSchool,10,79.0,39,1,1,0
Black,21-30,HighSchool,5,,47,2,6,0
Black,41-50,Bachelor,16,46.0,22,3,3,0
Hispanic,41-50,Master,16,49.0,87,2,4,0
Asian,31-40,HighSchool,5,52.0,41,1,1,1
White,41-50,Master,10,60.0,44,1,4,1
Black,51-60,Bachelor,19,62.0,62,4,6,1
Black,21-30,Bachelor,8,,60,2,2,1
Asian,31-40,PhD,6,38.0,49,2,6,1
Black,21-30,Bachelor,1,,57,2,4,0
Asian,41-50,Bachelor,12,62.0,39,1,4,0
Asian,31-40,HighSchool,9,76.0,55,2,3,1
Asian,31-40,HighSchool,6,60.0,67,1,3,0
White,41-50,Bachelor,17,73.0,31,1,2,1
White,31-40,HighSchool,6,99.0,79,1,3,0
White,51-60,Bachelor,17,47.0,51,2,3,0
Black,31-40,Bachelor,3,45.0,49,4,3,1
White,21-30,Bachelor,11,,54,1,2,0
Asian,41-50,HighSchool,11,96.0,71,2,2,0
Hispanic,41-50,Bachelor,14,56.0,64,2,5,0
White,31-40,Master,4,78.0,64,1,1,1
Asian,41-50,PhD,12,25.0,39,1,2,0
Black,51-60,HighSchool,18,62.0,60,2,6,0
White,21-30,Master,7,59.0,60,1,4,0
White,51-60,Bachelor,17,85.0,81,2,1,1
White,21-30,Bachelor,8,74.0,59,1,3,1
White,21-30,Bachelor,8,58.0,90,1,3,1
Hispanic,21-30,HighSchool,4,80.0,63,2,2,0
Hispanic,41-50,HighSchool,11,82.0,31,2,1,0
Black,41-50,Bachelor,10,,90,2,4,0
Hispanic,21-30,Bachelor,6,68.0,33,4,5,0
Hispanic,31-40,PhD,7,52.0,24,3,2,0
White,31-40,Bachelor,5,68.0,22,1,1,1
Hispanic,21-30,HighSchool,9,,100,3,4,0
Asian,41-50,Master,10,68.0,88,2,3,1
Hispanic,41-50,Bachelor,9,48.0,52,4,5,0
Hispanic,31-40,Bachelor,10,54.0,67,2,2,1
White,51-60,Master,15,97.0,54,2,1,1
White,31-40,PhD,6,69.0,28,1,2,1
White,51-60,Master,17,58.0,76,1,1,1
Asian,41-50,Master,13,,73,2,7,1
Hispanic,31-40,Master,6,55.0,37,4,2,1
Hispanic,21-30,PhD,1,68.0,65,3,6,1
White,41-50,Bachelor,10,,48,1,3,0
Asian,31-40,HighSchool,9,64.0,56,1,1,0
Asian,21-30,Bachelor,5,71.0,47,1,4,1
White,21-30,Bachelor,10,70.0,57,1,7,1
White,31-40,Master,6,75.0,50,2,0,1
White,31-40,Bachelor,9,75.0,79,2,5,1
Hispanic,41-50,Bachelor,13,55.0,49,2,3,0
White,41-50,HighSchool,11,62.0,37,1,5,0
Asian,21-30,Master,9,65.0,59,1,3,1
Black,41-50,Bachelor,10,,47,4,2,1
White,21-30,Master,7,81.0,56,1,3,0
Other,41-50,Bachelor,8,59.0,62,1,2,0
Other,41-50,Bachelor,9,62.0,45,3,5,0
White,31-40,HighSchool,10,,49,1,3,0
Asian,41-50,HighSchool,13,42.0,25,2,4,0
White,31-40,Master,7,46.0,59,2,2,0
White,31-40,PhD,8,49.0,82,1,1,1
White,41-50,Bachelor,15,55.0,47,1,5,0
Black,31-40,HighSchool,10,63.0,50,4,4,0
Asian,31-40,Bachelor,8,48.0,46,2,5,1
White,31-40,Master,9,65.0,28,1,5,0
White,41-50,Master,15,77.0,71,2,3,1
Hispanic,31-40,HighSchool,7,44.0,68,2,5,0
White,21-30,HighSchool,7,57.0,73,1,2,0
White,41-50,Master,15,45.0,54,2,1,1
Asian,41-50,Bachelor,12,50.0,35,1,3,1
Other,21-30,Bachelor,7,85.0,54,1,6,0
White,21-30,HighSchool,6,72.0,50,2,4,1
Black,21-30,Bachelor,10,89.0,52,2,1,0
Black,31-40,Master,4,45.0,52,3,6,1
White,31-40,PhD,1,87.0,79,1,3,1
Black,41-50,Bachelor,10,46.0,86,3,2,0
White,41-50,Bachelor,11,57.0,34,1,0,0
Black,31-40,HighSchool,5,92.0,56,3,4,1
Black,31-40,Bachelor,8,44.0,63,4,1,0
Asian,41-50,Bachelor,10,88.0,32,1,4,0
White,31-40,Bachelor,6,64.0,60,2,2,0
Hispanic,51-60,Bachelor,17,40.0,56,4,6,0
White,31-40,Bachelor,4,43.0,58,1,2,1
White,21-30,HighSchool,7,66.0,71,2,2,0
White,41-50,Bachelor,13,48.0,50,1,6,0
Asian,31-40,HighSchool,6,60.0,10,2,5,0
Black,41-50,HighSchool,14,28.0,32,4,1,0
White,21-30,PhD,11,70.0,85,1,4,1
Asian,21-30,Bachelor,8,41.0,69,1,1,0
White,41-50,Bachelor,10,64.0,0,2,4,1
Black,21-30,Master,6,36.0,32,3,3,0
White,41-50,PhD,10,83.0,62,2,3,0
Black,21-30,Bachelor,6,25.0,49,2,3,0
White,31-40,Master,6,60.0,11,1,1,0
Hispanic,41-50,Bachelor,14,65.0,69,3,3,0
White,31-40,Bachelor,4,70.0,73,1,2,0
White,31-40,Bachelor,6,46.0,45,1,3,1
White,21-30,Master,6,38.0,82,2,3,1
Hispanic,21-30,Master,6,68.0,45,3,1,1
Hispanic,31-40,Bachelor,7,55.0,48,2,3,0
White,41-50,HighSchool,14,48.0,41,1,4,0
Black,51-60,Bachelor,20,69.0,15,3,3,0
Hispanic,41-50,HighSchool,11,48.0,57,3,4,0
Asian,41-50,Bachelor,13,55.0,59,1,4,1
Asian,41-50,Master,13,51.0,41,1,2,0
White,41-50,Master,11,53.0,62,1,2,1
White,21-30,Master,9,53.0,31,2,0,1
Hispanic,51-60,Master,16,61.0,62,4,2,0
Hispanic,41-50,Bachelor,14,80.0,55,4,4,1
Black,31-40,Master,5,36.0,47,4,3,1
White,21-30,Bachelor,5,59.0,67,1,2,1
White,31-40,HighSchool,5,62.0,44,2,6,0
Black,31-40,HighSchool,11,63.0,79,4,1,0
Hispanic,41-50,Bachelor,12,71.0,59,2,2,0
Hispanic,31-40,Bachelor,5,54.0,66,4,6,0
Black,31-40,Bachelor,2,47.0,51,4,1,0
Black,51-60,Master,15,65.0,63,2,2,0
White,21-30,HighSchool,6,40.0,81,1,5,0
White,31-40,HighSchool,7,32.0,88,1,3,1
Hispanic,21-30,PhD,8,92.0,50,2,7,1
Black,41-50,HighSchool,11,44.0,64,2,2,0
White,51-60,Bachelor,18,58.0,75,1,2,0
White,21-30,Bachelor,12,73.0,55,2,1,1
Black,41-50,Bachelor,8,62.0,75,2,0,0
White,21-30,HighSchool,7,78.0,62,1,2,0
White,51-60,HighSchool,14,79.0,31,1,2,1
Asian,41-50,HighSchool,15,43.0,37,1,4,0
Black,41-50,Bachelor,16,76.0,24,3,1,0
Black,21-30,Bachelor,6,64.0,59,3,6,1
White,51-60,Bachelor,17,70.0,47,1,3,1
Black,41-50,Bachelor,17,63.0,53,3,6,0
White,31-40,Master,2,31.0,84,2,5,0
White,41-50,HighSchool,11,61.0,49,2,1,0
Black,21-30,Bachelor,8,,55,3,3,0
Black,41-50,Master,13,40.0,46,3,5,0
Hispanic,21-30,Bachelor,0,49.0,26,3,1,0
Black,41-50,Bachelor,11,69.0,62,2,4,0
Asian,31-40,Bachelor,7,,57,1,3,1
White,21-30,Master,6,71.0,61,1,1,1
White,21-30,Master,7,58.0,56,1,2,1
White,21-30,Bachelor,8,70.0,62,1,3,1
White,31-40,Master,3,62.0,36,1,2,0
Other,31-40,Bachelor,7,79.0,59,1,3,0
White,31-40,Bachelor,7,75.0,49,1,3,1
Hispanic,21-30,Bachelor,3,59.0,60,2,3,1
Black,21-30,HighSchool,4,44.0,41,3,3,0
Black,41-50,Master,9,61.0,58,3,2,0
Asian,21-30,Bachelor,4,68.0,60,1,1,1
Asian,51-60,Bachelor,13,66.0,26,1,1,1
Asian,41-50,PhD,17,57.0,67,1,4,1
White,41-50,HighSchool,9,55.0,40,1,2,0
Black,31-40,Bachelor,9,61.0,53,2,1,1
White,41-50,HighSchool,11,52.0,64,1,2,1
White,21-30,Master,8,61.0,79,1,4,1
Black,21-30,Master,3,,51,3,1,1
White,21-30,Bachelor,6,71.0,62,1,4,1
Hispanic,41-50,Master,14,39.0,62,4,3,0
Other,21-30,Bachelor,6,69.0,82,1,3,1
Hispanic,31-40,Master,7,87.0,61,2,2,1
White,51-60,Bachelor,19,75.0,58,1,1,0
White,41-50,Bachelor,13,,33,1,3,0
Hispanic,31-40,PhD,1,76.0,32,4,0,1
Asian,21-30,Bachelor,6,97.0,69,1,2,1
Other,41-50,HighSchool,14,77.0,35,1,4,0
Other,31-40,Bachelor,6,39.0,43,2,1,0
Hispanic,21-30,PhD,7,66.0,71,3,0,1
White,21-30,Bachelor,5,85.0,57,2,0,1
White,51-60,HighSchool,17,34.0,54,1,4,0
Hispanic,41-50,Bachelor,9,71.0,26,4,1,0
White,41-50,Bachelor,12,61.0,33,1,3,1
White,41-50,HighSchool,13,84.0,79,1,4,0
Asian,31-40,Master,10,63.0,48,2,1,1
Hispanic,31-40,PhD,7,62.0,56,3,3,1
Black,31-40,Bachelor,7,62.0,64,2,2,0
Asian,31-40,Bachelor,12,75.0,40,1,3,0
White,31-40,Bachelor,8,71.0,84,2,2,1
Black,41-50,HighSchool,10,43.0,50,3,2,0
Other,31-40,Master,6,61.0,55,1,2,1
White,41-50,Bachelor,9,64.0,69,1,2,1
Asian,31-40,Bachelor,8,83.0,76,2,4,0
Hispanic,31-40,Master,5,64.0,95,4,3,1
Black,31-40,Bachelor,9,47.0,52,3,2,0
Black,31-40,Bachelor,6,,99,4,3,1
Black,41-50,HighSchool,13,,61,2,4,0
White,21-30,Master,9,57.0,90,1,4,1
White,31-40,PhD,5,76.0,77,1,3,1
Hispanic,21-30,Bachelor,10,56.0,48,3,5,1
Hispanic,31-40,PhD,6,,44,2,0,1
Hispanic,31-40,HighSchool,9,45.0,27,4,1,1
Hispanic,41-50,Bachelor,14,,13,3,2,0
Asian,51-60,Bachelor,18,79.0,38,1,4,0
Asian,31-40,Bachelor,7,58.0,82,2,3,1
Black,41-50,Bachelor,11,,41,3,4,0
Black,31-40,Bachelor,8,85.0,47,4,2,0
Black,31-40,HighSchool,1,43.0,72,4,0,1
Black,21-30,Bachelor,4,61.0,44,4,1,0
Hispanic,21-30,HighSchool,8,62.0,93,2,4,0
White,31-40,Master,5,65.0,55,1,2,1
White,31-40,Bachelor,6,76.0,76,1,3,1
White,21-30,HighSchool,4,51.0,56,1,6,0
Asian,21-30,Bachelor,8,93.0,60,1,3,1
White,21-30,Bachelor,5,52.0,80,2,2,1
Asian,51-60,Master,17,62.0,54,1,2,0
Asian,31-40,Bachelor,6,43.0,86,1,2,1
White,31-40,Bachelor,9,80.0,45,2,5,0
Asian,21-30,Master,8,93.0,36,1,3,1
White,31-40,Bachelor,3,95.0,28,1,1,1
White,21-30,HighSchool,6,82.0,82,1,5,1
Hispanic,21-30,Bachelor,6,51.0,76,2,3,1
White,31-40,PhD,7,65.0,55,2,3,1
White,21-30,Bachelor,5,60.0,65,1,2,0
Asian,21-30,Bachelor,8,46.0,79,2,2,1
Black,21-30,HighSchool,3,52.0,56,2,4,0
White,21-30,HighSchool,5,78.0,28,1,3,1
Black,21-30,Bachelor,9,43.0,28,2,6,1
White,31-40,Bachelor,7,30.0,40,1,0,0
White,41-50,HighSchool,17,46.0,51,1,3,0
Asian,31-40,PhD,7,77.0,43,2,4,1
Asian,31-40,Master,6,39.0,78,1,2,1
Black,21-30,Bachelor,6,49.0,37,2,2,1
Black,51-60,Master,16,51.0,37,3,2,0
Other,31-40,HighSchool,7,68.0,27,3,2,1
Asian,21-30,Bachelor,8,68.0,51,1,1,1
White,31-40,Bachelor,13,71.0,60,1,5,1
Black,21-30,Master,2,54.0,79,4,2,1
White,31-40,Master,7,50.0,62,1,2,1
Asian,31-40,Bachelor,6,78.0,73,1,1,1
White,41-50,PhD,7,38.0,68,1,6,1
White,31-40,HighSchool,5,76.0,67,1,2,1
Other,41-50,Master,11,82.0,33,2,2,1
Hispanic,51-60,PhD,16,92.0,57,4,3,1
Black,21-30,HighSchool,8,45.0,86,3,5,0
Asian,21-30,Master,11,56.0,54,2,1,1
White,31-40,HighSchool,4,65.0,69,2,6,0
White,31-40,Bachelor,6,64.0,69,2,5,1
White,31-40,Bachelor,3,77.0,53,2,6,1
Asian,51-60,Bachelor,18,72.0,66,2,5,1
Black,41-50,PhD,13,,43,3,3,1
Black,31-40,Master,6,55.0,68,3,3,1
White,31-40,Bachelor,8,78.0,55,2,2,1
Other,41-50,Master,14,46.0,50,2,3,1
Black,51-60,PhD,18,53.0,66,4,6,0
Asian,41-50,HighSchool,15,73.0,14,1,5,1
Black,21-30,PhD,6,40.0,71,4,2,0
Asian,31-40,HighSchool,7,11.0,72,1,1,0
White,21-30,Master,11,86.0,49,1,7,0
White,21-30,Bachelor,5,64.0,59,2,4,0
Black,21-30,HighSchool,6,38.0,42,3,2,1
White,31-40,Bachelor,6,78.0,45,2,3,1
White,41-50,Bachelor,15,61.0,54,1,5,1
White,21-30,Bachelor,9,49.0,100,2,2,1
White,31-40,HighSchool,4,70.0,71,2,2,1
Hispanic,31-40,Bachelor,5,57.0,44,3,3,0
Black,31-40,PhD,7,,73,3,5,1
Asian,21-30,Bachelor,10,53.0,70,2,3,1
White,31-40,Bachelor,6,49.0,28,1,3,0
Asian,41-50,Bachelor,12,76.0,44,1,2,1
Asian,21-30,HighSchool,6,46.0,57,1,4,1
White,21-30,Master,7,53.0,62,1,7,1
Asian,31-40,Master,5,,59,1,1,0
White,51-60,Bachelor,13,86.0,52,1,3,1
Black,41-50,Bachelor,10,,33,2,3,0
Black,41-50,Master,8,65.0,44,3,3,1
White,31-40,Bachelor,10,66.0,55,1,2,0
White,31-40,Master,8,78.0,80,1,1,1
Black,21-30,Bachelor,12,,47,2,4,0
Asian,31-40,Master,5,58.0,55,1,4,0
Hispanic,51-60,Bachelor,15,57.0,43,3,6,0
Black,31-40,Bachelor,6,59.0,88,3,3,0
White,41-50,PhD,8,72.0,61,2,3,1
White,41-50,Bachelor,12,66.0,33,1,3,1
Black,21-30,Bachelor,4,48.0,67,2,3,0
White,51-60,Bachelor,16,64.0,31,1,6,1
Asian,21-30,Bachelor,7,100.0,64,1,5,0
Hispanic,31-40,Bachelor,8,61.0,84,2,5,0
Asian,21-30,HighSchool,5,,24,1,3,0
White,21-30,HighSchool,6,59.0,41,1,4,0
Black,31-40,Bachelor,8,57.0,62,3,2,1
Asian,21-30,Master,7,62.0,52,1,1,1
Asian,31-40,Bachelor,5,63.0,63,1,1,1
Hispanic,31-40,Bachelor,6,,58,3,3,1
White,21-30,Master,7,72.0,29,1,0,0
Other,21-30,HighSchool,6,68.0,71,3,4,1
Hispanic,31-40,Bachelor,7,71.0,35,3,2,0
White,31-40,HighSchool,4,42.0,63,2,6,1
White,41-50,HighSchool,12,61.0,41,1,4,0
White,41-50,Bachelor,12,71.0,90,2,2,1
White,41-50,Bachelor,10,68.0,47,1,5,1
White,41-50,HighSchool,12,55.0,56,2,1,0
Black,31-40,Bachelor,6,49.0,69,4,7,0
White,41-50,Bachelor,10,52.0,56,1,2,0
White,21-30,Bachelor,13,79.0,59,2,1,0
Hispanic,31-40,Bachelor,7,,42,2,5,0
White,41-50,Master,12,45.0,47,1,3,0
Hispanic,31-40,HighSchool,5,63.0,26,2,1,0
White,41-50,Bachelor,16,73.0,58,2,6,1
White,41-50,HighSchool,8,41.0,90,1,5,0
Black,41-50,HighSchool,15,66.0,53,4,4,0
Black,51-60,Bachelor,16,59.0,56,3,4,0
Hispanic,31-40,Bachelor,6,64.0,32,4,3,1
Black,31-40,Master,6,58.0,45,3,4,1
Hispanic,31-40,Bachelor,9,63.0,76,4,2,1
White,31-40,PhD,9,71.0,33,2,3,1
White,31-40,HighSchool,7,72.0,46,1,0,0
Black,41-50,HighSchool,8,60.0,60,4,3,0
Hispanic,41-50,HighSchool,11,55.0,64,2,3,0
Other,31-40,HighSchool,8,63.0,58,2,2,1
Asian,21-30,Bachelor,7,68.0,62,1,3,1
White,31-40,Bachelor,5,77.0,62,1,3,1
Black,21-30,HighSchool,8,,37,4,1,0
White,41-50,PhD,14,72.0,48,1,1,1
Hispanic,31-40,Master,3,62.0,64,4,1,1
Hispanic,21-30,Bachelor,11,,58,4,2,1
Asian,21-30,HighSchool,7,70.0,25,2,2,0
Black,31-40,HighSchool,7,41.0,87,3,1,0
Black,31-40,HighSchool,8,46.0,40,3,3,0
White,31-40,HighSchool,14,92.0,61,2,3,0
Hispanic,21-30,Bachelor,12,46.0,65,2,0,0
Asian,31-40,Bachelor,10,73.0,51,1,2,0
Hispanic,31-40,Bachelor,7,42.0,64,2,2,0
White,41-50,PhD,14,84.0,36,2,6,1
Hispanic,31-40,Master,8,50.0,98,2,4,1
White,31-40,PhD,4,66.0,55,1,2,1
White,21-30,HighSchool,3,61.0,76,1,5,0
Hispanic,51-60,Bachelor,15,64.0,30,2,2,0
White,31-40,Bachelor,7,67.0,72,2,5,0
White,41-50,HighSchool,16,78.0,37,1,3,0
Other,21-30,HighSchool,6,74.0,34,2,2,1
Other,31-40,Master,7,69.0,40,1,2,1
Asian,21-30,Bachelor,10,74.0,44,2,4,1
Black,31-40,Bachelor,3,67.0,62,4,3,1
Asian,51-60,Bachelor,20,59.0,90,1,4,1
White,31-40,Bachelor,4,57.0,100,1,7,1
White,21-30,HighSchool,6,88.0,54,1,4,1
Black,21-30,Bachelor,6,67.0,77,3,5,0
Black,31-40,HighSchool,7,63.0,37,4,1,0
Black,21-30,HighSchool,3,44.0,22,2,2,1
Black,21-30,PhD,9,30.0,60,4,4,1
White,41-50,Bachelor,16,60.0,59,1,0,0
Asian,31-40,Master,7,58.0,74,2,3,1
White,21-30,Bachelor,7,60.0,79,1,1,0
Asian,51-60,Bachelor,19,77.0,44,1,2,1
Asian,21-30,Bachelor,10,87.0,61,1,2,0
Hispanic,51-60,HighSchool,21,,64,2,3,0
White,31-40,HighSchool,6,55.0,81,2,3,0
White,41-50,Master,16,73.0,33,2,3,1
White,31-40,Master,4,57.0,63,2,3,1
Black,41-50,Bachelor,10,29.0,61,3,2,0
Black,51-60,Bachelor,21,55.0,52,2,3,0
White,21-30,PhD,3,83.0,48,2,1,1
White,51-60,HighSchool,15,59.0,50,2,3,0
Black,31-40,Bachelor,5,69.0,69,2,3,0
White,31-40,Bachelor,6,55.0,46,1,5,1
Hispanic,31-40,Master,12,67.0,38,4,6,1
Black,31-40,PhD,8,53.0,97,3,1,1
White,21-30,Bachelor,0,87.0,63,1,2,1
White,31-40,Master,5,60.0,76,1,5,1
Other,31-40,Master,6,56.0,63,3,3,1
White,41-50,Bachelor,12,,68,2,3,1
White,41-50,Bachelor,14,56.0,51,1,3,1
Hispanic,31-40,Bachelor,10,60.0,70,2,0,1
Hispanic,31-40,PhD,5,48.0,40,3,0,0
Other,21-30,HighSchool,4,78.0,28,3,1,0
Black,21-30,Master,7,76.0,51,3,3,1
White,21-30,Bachelor,8,54.0,34,1,4,1
White,31-40,Master,6,73.0,21,1,3,1
Black,21-30,Bachelor,8,66.0,65,3,2,1
Asian,51-60,Bachelor,18,66.0,18,2,3,0
Asian,31-40,Master,6,87.0,77,1,1,1
Hispanic,31-40,Master,5,79.0,85,3,1,1
White,31-40,Master,6,52.0,34,2,1,0
Asian,21-30,HighSchool,7,83.0,65,2,3,0
White,31-40,Master,9,72.0,93,1,3,0
Asian,31-40,HighSchool,3,68.0,51,2,3,1
White,31-40,Bachelor,5,61.0,70,1,5,0
White,31-40,Bachelor,6,42.0,100,1,5,1
White,51-60,Bachelor,17,69.0,19,1,5,0
Black,41-50,Bachelor,8,,31,2,3,0
Black,31-40,PhD,7,86.0,70,2,1,0
Asian,31-40,HighSchool,10,54.0,99,1,2,0
Other,31-40,Master,6,40.0,47,2,2,1
White,21-30,Bachelor,5,47.0,100,1,0,1
White,31-40,HighSchool,4,88.0,62,1,2,0
Hispanic,21-30,HighSchool,4,50.0,24,2,2,0
White,31-40,PhD,7,85.0,88,1,1,1
Other,31-40,Master,6,65.0,51,1,2,1
White,21-30,PhD,5,50.0,68,2,2,1
Other,51-60,PhD,16,95.0,20,2,4,1
White,51-60,Bachelor,16,84.0,36,2,1,0
Hispanic,41-50,Bachelor,9,54.0,23,4,7,1
Asian,31-40,Master,10,79.0,31,1,5,1
Other,41-50,Bachelor,15,66.0,51,1,2,0
White,21-30,Bachelor,1,71.0,70,2,1,1
Asian,41-50,Bachelor,11,91.0,40,1,2,0
Other,21-30,Bachelor,7,42.0,34,3,4,0
Asian,41-50,Bachelor,12,59.0,27,2,1,1
Black,21-30,HighSchool,7,57.0,66,3,3,0
Black,41-50,Bachelor,8,62.0,51,4,8,0
Asian,51-60,Bachelor,17,46.0,56,1,2,1
Black,21-30,Bachelor,5,70.0,88,2,3,0
Asian,31-40,Bachelor,9,47.0,70,2,2,1
Hispanic,51-60,Master,19,38.0,57,4,2,1
White,31-40,HighSchool,10,61.0,100,1,4,1
White,41-50,Bachelor,8,93.0,45,1,9,1
Other,31-40,Master,4,100.0,100,3,3,1
Hispanic,31-40,Bachelor,11,64.0,85,2,5,0
Asian,21-30,Bachelor,10,61.0,54,2,3,1
Black,21-30,Master,11,59.0,74,3,1,1
White,41-50,Bachelor,9,70.0,46,1,2,0
White,31-40,Master,11,86.0,34,1,2,1
Asian,31-40,Master,8,46.0,59,1,5,0
White,31-40,Bachelor,8,82.0,33,2,5,1
Asian,31-40,Bachelor,6,43.0,64,2,2,1
White,41-50,HighSchool,8,57.0,64,2,2,0
Other,51-60,Bachelor,17,,46,1,6,0
Other,31-40,Bachelor,9,,64,2,2,1
Black,41-50,Bachelor,10,56.0,53,3,6,0
Asian,41-50,Bachelor,11,67.0,65,1,3,1
White,31-40,Bachelor,4,65.0,61,1,2,1
Hispanic,51-60,HighSchool,15,34.0,44,2,3,1
Black,21-30,Bachelor,7,65.0,74,4,2,0
White,21-30,Bachelor,6,77.0,62,1,5,0
Hispanic,41-50,Master,12,77.0,11,3,1,0
Hispanic,31-40,HighSchool,3,84.0,53,2,4,1
Hispanic,41-50,Bachelor,12,,40,2,4,0
Black,41-50,PhD,13,78.0,52,2,5,1
Black,21-30,HighSchool,7,57.0,60,2,4,1
Asian,41-50,Bachelor,14,43.0,14,1,3,0
Hispanic,31-40,HighSchool,7,71.0,33,4,3,0
Hispanic,31-40,Bachelor,10,68.0,42,3,2,1
White,31-40,Bachelor,6,65.0,61,1,1,1
White,51-60,Bachelor,18,64.0,69,2,2,1
White,21-30,Bachelor,2,72.0,31,1,5,1
Hispanic,31-40,Master,4,51.0,47,4,4,0
Other,41-50,HighSchool,11,,49,3,2,0
White,41-50,HighSchool,15,51.0,33,1,3,0
Asian,41-50,Master,10,,51,1,2,1
White,21-30,Bachelor,12,45.0,71,2,6,0
Other,21-30,Master,3,98.0,46,2,4,1
Hispanic,31-40,Bachelor,12,,65,3,6,1
Hispanic,41-50,Master,11,75.0,47,4,3,0
Asian,21-30,Bachelor,7,48.0,39,1,0,1
Asian,21-30,Master,11,62.0,57,2,2,1
White,51-60,PhD,15,73.0,58,1,5,1
White,21-30,Bachelor,4,87.0,85,2,4,1
Hispanic,51-60,HighSchool,14,47.0,79,4,2,0
Hispanic,41-50,Bachelor,15,50.0,39,2,1,0
Other,41-50,HighSchool,8,53.0,38,1,4,0
Other,21-30,Bachelor,4,63.0,60,2,6,0
Asian,21-30,Bachelor,11,49.0,50,2,8,1
Black,41-50,Bachelor,10,35.0,71,3,2,0
Hispanic,41-50,Bachelor,13,60.0,51,3,1,0
Hispanic,41-50,Bachelor,11,67.0,50,2,3,0
White,21-30,Bachelor,8,47.0,71,1,2,1
Asian,41-50,HighSchool,13,54.0,52,1,4,0
White,41-50,HighSchool,13,63.0,55,1,2,0
Other,41-50,HighSchool,10,90.0,54,3,6,0
Black,41-50,Bachelor,9,14.0,47,2,2,1
White,41-50,Bachelor,15,71.0,33,1,0,0
Black,31-40,Bachelor,5,67.0,91,4,4,1
Black,21-30,Bachelor,11,,43,2,3,1
White,31-40,Master,7,59.0,89,1,3,1
White,21-30,HighSchool,5,69.0,66,1,1,0
Black,31-40,Bachelor,9,,49,3,5,0
Asian,31-40,Master,7,90.0,69,1,4,1
Black,21-30,Master,10,58.0,74,2,2,0
Asian,31-40,PhD,4,77.0,90,1,4,1
Hispanic,21-30,HighSchool,3,63.0,36,3,4,0
Asian,41-50,HighSchool,13,75.0,47,1,2,0
Asian,51-60,Master,20,53.0,74,2,4,1
Hispanic,21-30,Bachelor,7,60.0,73,2,3,1
Asian,51-60,Bachelor,14,64.0,58,1,3,0
White,31-40,Master,7,54.0,86,2,1,1
White,21-30,Master,7,78.0,56,2,4,1
Black,21-30,PhD,11,,16,3,3,0
Black,31-40,PhD,8,,53,4,2,1
Black,41-50,Master,6,,86,4,3,1
White,41-50,Bachelor,15,62.0,55,2,3,1
White,21-30,Master,9,79.0,44,2,2,1
White,21-30,HighSchool,11,,84,2,4,1
White,31-40,Bachelor,4,71.0,75,1,0,1
Asian,21-30,Master,8,69.0,62,1,1,0
White,21-30,Bachelor,7,69.0,70,1,4,1
Asian,21-30,Bachelor,9,59.0,41,1,2,0
Hispanic,41-50,HighSchool,12,50.0,43,2,5,0
White,51-60,Master,26,41.0,48,1,3,1
Asian,31-40,Bachelor,4,63.0,79,1,6,0
Black,51-60,Master,20,70.0,40,2,3,0
White,31-40,Bachelor,5,58.0,59,1,3,0
Black,31-40,Master,6,,85,4,3,1
Hispanic,21-30,Master,5,,100,2,2,0
Hispanic,31-40,Bachelor,2,,44,2,3,0
White,51-60,Bachelor,15,70.0,52,2,1,1
Hispanic,31-40,Bachelor,2,,32,4,5,0
Asian,31-40,PhD,7,62.0,59,1,2,1
White,31-40,Bachelor,12,75.0,54,1,0,1
Asian,21-30,PhD,5,,82,1,9,0
Other,41-50,Bachelor,12,78.0,28,3,3,0
Asian,31-40,Master,10,80.0,36,2,5,1
White,31-40,Master,7,33.0,87,1,1,1
Black,31-40,Master,6,,48,3,4,1
White,31-40,PhD,9,57.0,63,1,4,1
White,21-30,Bachelor,12,53.0,65,2,3,1
White,41-50,HighSchool,16,54.0,35,1,4,0
White,21-30,Master,7,78.0,45,1,2,1
White,41-50,Master,16,66.0,70,1,3,1
White,41-50,Bachelor,14,62.0,62,1,5,1
Black,41-50,Bachelor,15,,49,3,2,0
White,31-40,Bachelor,13,58.0,57,1,3,1
White,31-40,Bachelor,7,61.0,65,1,2,1
Hispanic,21-30,Bachelor,4,77.0,66,3,4,0
Asian,41-50,Bachelor,10,38.0,72,1,1,0
Black,21-30,Master,5,,59,4,1,0
White,31-40,Bachelor,8,99.0,67,2,3,0
White,21-30,Bachelor,9,84.0,72,2,2,0
White,21-30,Bachelor,6,50.0,73,2,3,1
White,31-40,HighSchool,10,57.0,86,1,5,1
White,21-30,Master,2,80.0,59,1,2,1
White,41-50,PhD,13,61.0,39,2,1,1
White,31-40,Bachelor,9,57.0,53,1,4,1
White,21-30,Master,5,63.0,71,2,3,1
Asian,31-40,Master,6,48.0,58,2,6,1
White,21-30,Master,8,63.0,100,1,3,1
White,21-30,HighSchool,7,46.0,60,1,4,0
Asian,41-50,PhD,12,75.0,32,1,1,1
Black,21-30,Bachelor,9,44.0,65,3,6,0
White,41-50,Bachelor,8,65.0,77,1,4,0
Black,21-30,HighSchool,6,50.0,45,4,4,0
Black,21-30,Bachelor,5,62.0,44,3,4,0
White,41-50,HighSchool,14,77.0,46,1,4,1
Hispanic,31-40,Bachelor,8,,48,4,1,1
Hispanic,21-30,Bachelor,6,46.0,35,2,2,0
White,31-40,Master,5,56.0,32,1,5,0
White,21-30,Master,12,100.0,64,1,2,1
Hispanic,41-50,Bachelor,12,,62,4,5,0
Black,31-40,Master,7,54.0,47,3,2,1
White,41-50,Master,10,56.0,48,1,0,1
White,41-50,Master,11,43.0,53,2,3,0
White,31-40,HighSchool,5,81.0,40,1,4,0
Asian,51-60,Master,16,54.0,65,1,1,1
Black,31-40,PhD,6,72.0,63,2,1,1
White,51-60,Master,17,77.0,59,2,4,0
Asian,21-30,Bachelor,5,85.0,72,1,3,1
Black,41-50,Bachelor,10,68.0,90,2,3,0
White,31-40,Bachelor,6,61.0,41,1,3,0
White,31-40,Bachelor,10,,43,1,2,1
Black,31-40,HighSchool,3,57.0,90,3,2,1
Hispanic,41-50,Bachelor,9,52.0,61,2,3,0
Asian,21-30,Master,6,40.0,61,2,2,0
Asian,21-30,Master,9,32.0,51,1,4,1
White,41-50,HighSchool,12,76.0,45,1,2,0
Asian,41-50,PhD,15,62.0,46,1,3,0
Asian,51-60,Bachelor,16,79.0,23,1,1,0
White,41-50,Master,15,59.0,67,1,4,1
White,51-60,Master,16,64.0,13,1,2,0
White,41-50,Master,21,78.0,34,1,4,0
White,21-30,PhD,7,88.0,52,1,3,1
White,21-30,Bachelor,1,60.0,98,2,4,1
White,41-50,Master,19,49.0,48,1,5,0
White,31-40,HighSchool,3,83.0,65,1,5,1
White,21-30,Master,10,,44,1,3,1
Hispanic,31-40,Master,4,,75,4,2,0
Asian,51-60,Master,16,59.0,90,2,2,0
Black,31-40,Bachelor,7,46.0,68,3,1,1
Black,31-40,Master,10,68.0,53,2,3,1
Asian,31-40,HighSchool,12,44.0,23,1,3,0
White,21-30,HighSchool,6,66.0,72,2,1,0
Asian,31-40,Master,11,68.0,42,1,0,0
Asian,31-40,Bachelor,10,56.0,46,2,2,0
Black,21-30,Master,8,,76,3,1,1
Asian,41-50,Bachelor,12,78.0,41,2,5,0
White,31-40,HighSchool,8,58.0,58,1,4,1
White,41-50,Master,11,63.0,63,2,3,1
White,41-50,Bachelor,15,78.0,37,2,6,0
Black,21-30,HighSchool,11,58.0,36,3,5,0
Asian,41-50,Master,11,86.0,58,1,3,1
White,31-40,Bachelor,9,73.0,73,1,6,1
Other,41-50,Bachelor,11,68.0,39,2,4,0
Black,21-30,Bachelor,8,60.0,48,4,1,0
White,41-50,Master,14,100.0,30,2,5,1
White,31-40,Master,8,49.0,72,1,8,1
White,21-30,Master,10,48.0,94,2,2,1
White,21-30,HighSchool,5,61.0,76,1,2,0
White,41-50,Master,14,86.0,48,1,4,1
White,41-50,Master,8,28.0,62,2,4,0
White,31-40,Master,8,36.0,45,1,1,1
White,31-40,Bachelor,10,59.0,66,1,0,1
Hispanic,31-40,Master,2,88.0,40,2,3,1
White,41-50,Master,10,65.0,47,1,2,1
Asian,21-30,HighSchool,3,47.0,79,2,6,0
Asian,41-50,Bachelor,12,77.0,64,2,2,0
Other,21-30,Master,7,89.0,70,3,2,1
White,31-40,HighSchool,5,55.0,67,1,3,0
White,21-30,PhD,7,,46,1,4,1
Other,21-30,Master,9,67.0,62,3,4,1
Hispanic,31-40,Bachelor,3,65.0,74,2,1,0
Hispanic,21-30,Bachelor,7,50.0,55,3,2,1
White,41-50,Bachelor,16,74.0,46,1,8,1
White,21-30,PhD,9,77.0,51,2,3,1
Black,31-40,Bachelor,7,67.0,54,2,3,1
Hispanic,31-40,Master,3,32.0,46,3,3,1
Asian,21-30,Bachelor,9,43.0,60,1,2,0
Asian,21-30,HighSchool,7,54.0,54,1,2,0
White,31-40,HighSchool,4,69.0,33,1,2,0
Black,31-40,Bachelor,9,65.0,100,2,1,1
White,31-40,PhD,3,49.0,41,1,5,1
White,31-40,Bachelor,12,69.0,57,1,6,0
Asian,31-40,Bachelor,6,79.0,61,1,3,0
Asian,21-30,Bachelor,4,75.0,50,1,6,0
White,31-40,Bachelor,7,58.0,58,1,2,1
White,51-60,Bachelor,14,59.0,35,1,3,0
Black,31-40,Master,6,37.0,73,2,2,1
White,41-50,Bachelor,14,91.0,49,1,3,1
Asian,31-40,Bachelor,10,72.0,72,1,5,0
White,41-50,HighSchool,15,40.0,76,1,3,1
Asian,41-50,PhD,11,83.0,44,1,3,1
Asian,31-40,Bachelor,6,74.0,73,2,3,0
White,51-60,HighSchool,14,82.0,77,1,5,0
White,21-30,Master,9,56.0,57,1,4,1
White,21-30,Bachelor,9,58.0,72,1,3,0
White,41-50,Bachelor,17,52.0,41,1,1,0
Other,41-50,Bachelor,11,,71,1,4,0
White,21-30,Master,5,57.0,51,1,1,1
Hispanic,21-30,HighSchool,8,42.0,72,4,7,0
White,21-30,Master,10,55.0,77,2,5,1
Black,21-30,Bachelor,7,52.0,38,2,4,0
Black,41-50,Bachelor,12,80.0,37,2,7,0
Asian,31-40,Bachelor,5,69.0,47,1,4,1
Asian,31-40,Bachelor,5,83.0,79,1,7,1
Asian,31-40,Master,2,69.0,38,1,4,0
White,21-30,Bachelor,5,62.0,65,1,3,1
Hispanic,21-30,Bachelor,14,41.0,73,3,1,1
Hispanic,31-40,Bachelor,3,80.0,63,2,3,0
Other,51-60,PhD,19,79.0,72,3,1,1
White,41-50,Bachelor,15,81.0,15,2,4,0
Black,21-30,PhD,4,70.0,70,2,3,1
Hispanic,41-50,Bachelor,10,46.0,46,4,3,0
White,41-50,HighSchool,10,68.0,22,2,3,0
White,41-50,Bachelor,14,81.0,30,2,2,0
Black,31-40,Bachelor,5,71.0,88,4,4,1
Asian,31-40,Bachelor,8,67.0,71,1,6,0
Hispanic,31-40,HighSchool,6,86.0,74,3,1,1
White,21-30,PhD,7,72.0,77,1,6,1
Black,21-30,Master,5,76.0,35,3,7,1
White,21-30,Master,9,68.0,64,1,2,0
White,31-40,HighSchool,3,59.0,79,2,3,1
White,41-50,HighSchool,8,79.0,42,2,1,0
Hispanic,31-40,HighSchool,10,68.0,84,2,2,0
Black,21-30,Master,5,62.0,48,2,2,1
Asian,51-60,PhD,11,52.0,52,1,3,0
White,51-60,Bachelor,12,80.0,57,1,3,0
Hispanic,41-50,HighSchool,12,45.0,63,4,4,0
White,51-60,Bachelor,20,76.0,44,1,0,1
Hispanic,31-40,Bachelor,7,,78,4,2,0
Asian,51-60,Bachelor,17,,57,1,3,0
White,21-30,Bachelor,4,69.0,30,1,4,1
Asian,31-40,Master,6,73.0,93,2,1,1
White,21-30,HighSchool,9,68.0,42,2,1,0
Black,21-30,HighSchool,8,49.0,94,2,3,0
Asian,21-30,PhD,4,81.0,57,2,3,1
White,31-40,Bachelor,11,67.0,53,1,3,0
Hispanic,41-50,HighSchool,14,59.0,57,4,4,0
White,31-40,HighSchool,3,62.0,47,1,2,1
Asian,21-30,HighSchool,12,54.0,26,2,4,0
Hispanic,41-50,Bachelor,5,73.0,48,3,5,0
Black,31-40,Master,6,47.0,66,2,5,0
White,31-40,Bachelor,4,90.0,87,1,5,0
Hispanic,41-50,Bachelor,9,44.0,28,3,1,1
Black,21-30,Master,8,61.0,70,2,1,0
White,31-40,Bachelor,12,66.0,58,1,1,1
White,51-60,Master,14,63.0,50,2,5,1
Black,21-30,Master,5,67.0,77,2,5,0
Black,31-40,HighSchool,6,68.0,50,4,5,0
Asian,41-50,Master,13,73.0,53,1,1,1
Hispanic,41-50,Bachelor,16,,69,3,2,0
Black,21-30,PhD,6,39.0,78,3,3,0
White,21-30,Bachelor,5,46.0,38,1,3,1
White,21-30,PhD,6,61.0,48,1,3,0
White,31-40,Master,5,96.0,57,1,3,0
Black,31-40,Bachelor,5,56.0,74,4,1,1
White,21-30,Bachelor,5,96.0,55,2,2,1
Asian,51-60,PhD,18,64.0,51,2,1,1
Black,31-40,Master,9,59.0,82,2,3,1
Hispanic,21-30,HighSchool,6,65.0,53,4,6,0
White,31-40,Master,10,,86,1,4,1
Hispanic,41-50,Bachelor,13,,21,3,5,0
White,21-30,HighSchool,9,39.0,52,1,3,0
Hispanic,21-30,Bachelor,11,,35,3,1,1
White,41-50,Bachelor,13,39.0,52,2,2,0
White,31-40,Master,5,75.0,73,1,5,1
Black,31-40,Bachelor,6,36.0,57,4,7,0
White,31-40,Master,5,86.0,51,2,5,1
White,21-30,HighSchool,11,70.0,35,1,3,1
Black,21-30,Bachelor,7,71.0,90,4,4,1
Black,31-40,Bachelor,13,47.0,59,2,2,1
Black,21-30,Bachelor,4,40.0,51,4,3,0
Black,21-30,HighSchool,9,51.0,88,3,4,0
Asian,41-50,HighSchool,7,80.0,43,1,1,1
White,51-60,Bachelor,15,96.0,33,2,4,0
White,41-50,Bachelor,8,72.0,37,1,4,1
White,41-50,Bachelor,11,45.0,34,2,1,1
Hispanic,21-30,Bachelor,9,42.0,40,3,0,0
Asian,51-60,Master,14,42.0,37,2,2,0
Asian,21-30,PhD,8,63.0,100,2,3,1
Asian,51-60,Bachelor,18,,29,1,4,0
Hispanic,51-60,Bachelor,16,54.0,23,2,3,0
White,41-50,HighSchool,9,48.0,55,2,3,0
Asian,51-60,PhD,20,47.0,48,1,2,0
Asian,31-40,HighSchool,5,66.0,71,1,3,1
Black,21-30,Bachelor,5,64.0,50,3,4,0
White,31-40,Bachelor,8,47.0,44,1,6,0
Hispanic,31-40,Bachelor,4,64.0,90,3,3,0
Hispanic,21-30,HighSchool,9,71.0,30,2,5,0
Asian,31-40,Master,9,30.0,66,1,3,1
Black,51-60,HighSchool,17,80.0,62,4,3,0
Hispanic,21-30,Bachelor,9,67.0,74,2,2,0
Black,41-50,HighSchool,9,71.0,44,4,3,0
White,51-60,HighSchool,18,,27,2,2,0
Asian,51-60,PhD,20,76.0,76,2,2,1
Black,51-60,HighSchool,17,,41,4,5,0
Asian,31-40,Master,4,55.0,87,1,4,1
Black,51-60,Bachelor,17,,56,4,0,0
Hispanic,41-50,HighSchool,13,54.0,41,2,2,0
Hispanic,21-30,PhD,8,47.0,67,2,4,1
Asian,31-40,Bachelor,7,62.0,80,1,5,1
White,41-50,Master,11,67.0,51,1,2,0
Other,21-30,HighSchool,6,60.0,46,2,2,1
Hispanic,31-40,Master,7,45.0,27,4,4,1
White,41-50,HighSchool,15,70.0,42,1,3,0
Hispanic,21-30,Bachelor,11,,74,2,4,0
Hispanic,31-40,Master,4,59.0,41,4,2,1
Asian,41-50,PhD,13,40.0,62,1,4,1
Asian,31-40,PhD,7,56.0,60,1,2,1
White,21-30,Master,9,52.0,73,1,0,1
White,21-30,Master,7,90.0,17,1,3,1
White,31-40,HighSchool,3,66.0,34,1,3,0
Hispanic,51-60,Bachelor,18,52.0,41,3,5,0
White,21-30,Bachelor,5,56.0,93,1,6,1
White,31-40,Bachelor,7,63.0,46,1,2,1
White,21-30,Bachelor,8,76.0,57,1,10,1
Asian,31-40,Bachelor,5,37.0,98,1,3,1
Hispanic,41-50,HighSchool,9,,57,4,1,0
White,41-50,Master,10,57.0,65,2,5,1
White,21-30,HighSchool,7,71.0,48,1,3,0
Black,31-40,Bachelor,10,68.0,81,3,2,1
Asian,21-30,Bachelor,9,54.0,83,1,2,0
White,31-40,Master,2,44.0,69,1,6,0
Asian,41-50,Master,6,60.0,48,1,1,1
White,21-30,Bachelor,4,84.0,70,1,2,1
White,21-30,HighSchool,6,77.0,30,2,5,0
Asian,31-40,Bachelor,7,59.0,79,2,2,0
Asian,51-60,HighSchool,20,55.0,34,2,4,1
Hispanic,51-60,Bachelor,18,48.0,44,4,3,0
White,21-30,Bachelor,5,45.0,83,1,3,0
Asian,41-50,HighSchool,9,76.0,69,1,3,0
Black,31-40,Bachelor,12,71.0,30,2,1,1
White,31-40,PhD,3,59.0,42,1,1,1
Black,41-50,PhD,14,49.0,61,3,4,0
White,51-60,Bachelor,16,54.0,18,1,4,1
Other,51-60,HighSchool,15,58.0,75,3,2,0
White,31-40,HighSchool,10,53.0,62,2,4,1
Asian,31-40,Bachelor,3,62.0,85,2,2,1
White,41-50,PhD,16,76.0,36,1,2,1
Other,21-30,HighSchool,7,75.0,48,1,3,0
Asian,31-40,Master,3,52.0,78,1,3,1
Asian,31-40,HighSchool,10,67.0,54,1,2,0
White,41-50,PhD,8,74.0,27,2,2,1
Black,21-30,Bachelor,9,42.0,70,4,2,0
White,21-30,Master,12,67.0,31,2,1,1
Hispanic,51-60,Bachelor,18,75.0,75,2,2,0
White,21-30,Bachelor,5,61.0,63,2,3,1
White,31-40,HighSchool,4,34.0,43,1,1,0
White,21-30,HighSchool,7,27.0,80,1,3,0
Asian,21-30,PhD,8,,80,2,1,1
Asian,21-30,PhD,9,66.0,60,1,1,1
White,21-30,Master,6,67.0,100,1,3,1
Black,41-50,Bachelor,8,,90,2,4,0
Asian,21-30,Master,7,42.0,65,1,7,1
Asian,51-60,HighSchool,20,52.0,69,1,2,0
Asian,31-40,Bachelor,9,71.0,83,1,3,0
Asian,31-40,Bachelor,6,,39,1,2,1
Asian,31-40,Bachelor,10,61.0,65,1,4,1
White,31-40,Bachelor,7,43.0,47,1,1,0
White,41-50,HighSchool,9,70.0,35,1,3,1
Hispanic,21-30,Bachelor,7,57.0,62,3,6,0
Hispanic,31-40,Master,5,41.0,63,2,1,1
White,41-50,Bachelor,10,35.0,20,2,4,1
White,51-60,HighSchool,18,73.0,56,1,3,1
Black,41-50,HighSchool,12,47.0,45,3,3,0
Asian,31-40,Bachelor,8,67.0,85,1,2,1
White,41-50,Bachelor,16,67.0,70,1,3,1
White,31-40,Bachelor,8,47.0,44,2,4,0
Black,31-40,Bachelor,4,63.0,83,3,1,1
Black,21-30,Master,8,44.0,69,3,3,0
White,31-40,Bachelor,6,42.0,56,1,4,1
White,21-30,Master,14,40.0,50,1,4,1
White,31-40,Bachelor,6,64.0,39,2,3,1
Black,41-50,Bachelor,16,,28,4,2,0
White,21-30,Master,3,65.0,27,2,4,1
White,21-30,HighSchool,4,,60,1,6,0
Black,21-30,HighSchool,7,78.0,22,4,3,1
White,51-60,Master,16,72.0,34,1,7,1
Black,31-40,Bachelor,3,80.0,71,3,3,1
White,31-40,Master,11,86.0,86,1,2,1
White,41-50,HighSchool,8,82.0,29,1,2,0
White,41-50,Master,11,36.0,60,1,5,0
Black,31-40,Bachelor,4,,54,3,4,1
Hispanic,41-50,HighSchool,11,46.0,40,2,1,0
Hispanic,41-50,Bachelor,9,74.0,52,4,3,0
White,41-50,Bachelor,14,60.0,38,1,1,0
Black,21-30,Bachelor,10,83.0,58,3,5,1
White,41-50,HighSchool,8,66.0,51,1,4,0
White,31-40,HighSchool,4,64.0,80,1,0,1
Hispanic,21-30,Bachelor,11,,84,2,2,1
White,31-40,HighSchool,9,62.0,49,1,2,0
White,21-30,PhD,5,69.0,55,1,3,1
White,21-30,HighSchool,12,64.0,74,2,6,0
White,41-50,Bachelor,14,58.0,46,1,3,0
White,21-30,HighSchool,7,58.0,72,1,3,0
Asian,31-40,Bachelor,6,92.0,76,1,3,1
Asian,31-40,PhD,9,94.0,78,2,3,1
Hispanic,21-30,HighSchool,8,49.0,61,2,2,0
Hispanic,51-60,PhD,14,,29,2,1,0
White,21-30,Bachelor,4,52.0,56,1,1,0
White,31-40,Master,7,60.0,50,1,2,1
White,31-40,Bachelor,5,48.0,73,1,1,1
Asian,21-30,Master,7,80.0,87,1,4,0
White,21-30,Bachelor,1,72.0,87,1,5,1
Black,41-50,Bachelor,8,67.0,65,2,5,0
Asian,51-60,HighSchool,16,78.0,33,2,2,1
Asian,21-30,HighSchool,5,51.0,85,1,4,1
Asian,41-50,PhD,14,60.0,57,1,2,1
White,41-50,Bachelor,8,71.0,35,1,4,1
Hispanic,41-50,Bachelor,17,51.0,65,3,4,0
Black,31-40,Master,2,58.0,56,3,7,1
White,31-40,Bachelor,10,53.0,24,1,2,0
Hispanic,31-40,PhD,4,76.0,42,4,2,0
Asian,41-50,Master,16,79.0,48,2,9,1
Hispanic,41-50,Bachelor,9,75.0,48,2,4,0
Black,21-30,Master,8,66.0,40,3,5,0
Asian,31-40,HighSchool,9,48.0,73,2,1,1
White,51-60,Bachelor,14,57.0,59,2,0,0
White,41-50,Bachelor,10,54.0,24,1,4,0
Asian,51-60,Bachelor,17,61.0,90,1,3,0
Black,41-50,Master,14,,28,4,1,0
White,31-40,PhD,9,42.0,51,1,6,1
White,31-40,Bachelor,1,56.0,66,2,1,1
Hispanic,41-50,Bachelor,11,51.0,41,4,0,0
Other,21-30,PhD,11,45.0,86,2,1,1
Asian,31-40,Bachelor,8,68.0,56,1,1,1
White,41-50,Bachelor,11,59.0,33,2,6,0
White,21-30,Bachelor,9,81.0,71,1,3,0
White,41-50,PhD,11,60.0,0,2,2,1
Hispanic,31-40,Bachelor,8,63.0,69,4,7,1
White,51-60,Master,16,66.0,73,2,4,1
Asian,21-30,Master,9,27.0,18,1,2,1
White,21-30,Bachelor,8,43.0,52,1,2,0
Asian,31-40,Bachelor,6,70.0,30,1,3,0
Black,21-30,Master,4,62.0,60,4,1,0
Hispanic,41-50,Bachelor,10,55.0,90,3,1,0
White,41-50,Master,9,84.0,54,2,2,0
White,21-30,PhD,7,72.0,56,1,3,1
White,31-40,Bachelor,4,88.0,10,1,3,1
Hispanic,31-40,Master,13,20.0,40,4,6,1
Hispanic,31-40,Master,13,83.0,57,3,8,0
Asian,51-60,Master,20,55.0,51,2,2,1
Black,41-50,Bachelor,8,57.0,56,2,2,0
Black,41-50,HighSchool,14,74.0,63,4,2,0
White,41-50,Bachelor,10,33.0,33,1,1,0
Hispanic,31-40,Master,5,53.0,60,2,3,0
Asian,51-60,Bachelor,19,80.0,41,1,1,0
White,41-50,Master,12,55.0,33,2,4,0
Asian,41-50,Bachelor,9,78.0,34,1,4,0
White,41-50,Bachelor,15,75.0,59,2,4,0
White,21-30,HighSchool,6,67.0,13,1,2,0
Black,41-50,Master,14,65.0,16,4,1,0
White,21-30,Bachelor,9,84.0,100,1,2,1
Black,31-40,Bachelor,8,66.0,48,4,2,0
White,31-40,Bachelor,6,78.0,86,2,5,1
White,51-60,Master,16,51.0,48,1,3,1
White,41-50,Bachelor,10,73.0,39,2,2,1
White,41-50,Bachelor,14,72.0,61,1,6,0
Black,41-50,PhD,10,73.0,51,2,4,1
White,31-40,Master,2,47.0,56,1,4,0
Asian,51-60,PhD,17,81.0,49,2,2,1
Asian,31-40,Bachelor,5,51.0,67,2,1,1
Black,31-40,Bachelor,7,,47,2,2,1
Hispanic,21-30,Master,5,,51,2,5,0
Black,41-50,Bachelor,11,39.0,32,2,3,0
White,41-50,Master,10,60.0,28,2,4,1
White,31-40,Bachelor,11,80.0,93,1,1,0
White,21-30,Bachelor,8,70.0,43,2,4,0
Asian,41-50,HighSchool,11,90.0,67,1,5,0
White,21-30,Bachelor,10,,53,1,3,1
Asian,41-50,HighSchool,7,57.0,59,2,1,0
Asian,51-60,HighSchool,22,53.0,49,1,3,0
White,31-40,PhD,6,57.0,27,2,2,0
Black,21-30,Bachelor,5,,60,3,5,1
White,41-50,Master,15,55.0,60,2,3,1
White,41-50,Master,9,46.0,32,1,2,1
Black,31-40,Bachelor,6,67.0,100,3,3,0
Asian,51-60,HighSchool,18,87.0,64,1,1,0
Black,21-30,Master,9,60.0,74,4,1,1
Asian,31-40,Bachelor,8,54.0,76,2,4,1
White,41-50,Master,10,76.0,7,2,5,0
Hispanic,41-50,Master,9,56.0,62,3,1,0
Black,21-30,PhD,6,72.0,100,3,3,1
Black,41-50,Bachelor,17,,63,4,3,0
White,31-40,Bachelor,5,51.0,55,2,2,1
Asian,31-40,Bachelor,13,75.0,39,1,2,1
White,21-30,HighSchool,7,64.0,38,1,4,0
White,41-50,Master,8,78.0,26,1,4,0
Hispanic,21-30,HighSchool,6,44.0,52,2,1,0
White,31-40,Bachelor,6,71.0,40,1,2,1
Other,21-30,Master,3,73.0,57,3,3,1
Asian,41-50,Bachelor,15,41.0,53,1,0,1
White,41-50,Bachelor,11,64.0,19,1,1,0
Asian,41-50,Bachelor,11,34.0,36,2,7,0
Hispanic,21-30,Master,10,79.0,49,4,3,0
Black,31-40,Bachelor,8,37.0,49,4,2,0
Hispanic,31-40,Master,7,54.0,60,2,7,1
Black,41-50,HighSchool,10,56.0,52,2,4,0
Black,51-60,Master,18,42.0,42,2,1,0
Hispanic,21-30,Master,7,84.0,47,4,3,1
White,41-50,HighSchool,17,54.0,49,2,2,0
Asian,21-30,Bachelor,4,60.0,85,1,3,1
White,31-40,HighSchool,3,54.0,33,2,10,1
Other,21-30,Master,8,54.0,80,1,4,1
Hispanic,31-40,Bachelor,4,55.0,30,3,1,0
White,31-40,Bachelor,12,75.0,66,2,2,1
Black,31-40,HighSchool,6,,78,3,3,0
Hispanic,31-40,Bachelor,13,45.0,36,3,2,0
White,41-50,HighSchool,7,64.0,56,2,2,0
Asian,31-40,Bachelor,5,44.0,41,1,2,0
Hispanic,21-30,Bachelor,3,74.0,81,2,2,0
White,41-50,Master,14,57.0,21,1,2,1
Black,21-30,Master,11,50.0,43,4,7,0
White,31-40,Bachelor,4,35.0,62,2,3,1
Hispanic,41-50,PhD,12,49.0,62,2,0,0
Other,31-40,Master,2,90.0,61,3,5,1
Hispanic,21-30,PhD,8,66.0,68,4,2,0
Asian,31-40,Bachelor,3,81.0,50,1,4,0
Hispanic,51-60,Bachelor,14,58.0,30,4,2,0
Hispanic,31-40,HighSchool,4,,86,4,3,1
White,41-50,Master,20,66.0,58,2,3,1
Hispanic,31-40,HighSchool,6,60.0,51,2,8,0
White,21-30,Bachelor,8,78.0,30,1,5,0
Asian,31-40,Bachelor,4,64.0,82,1,7,1
White,41-50,Bachelor,19,53.0,72,1,3,1
White,21-30,Bachelor,8,63.0,56,1,2,0
White,21-30,HighSchool,6,59.0,48,1,4,0
Black,21-30,Bachelor,9,64.0,55,2,4,1
White,31-40,Bachelor,5,63.0,56,1,3,0
Black,51-60,PhD,17,42.0,63,4,3,1
White,21-30,Master,6,73.0,39,2,0,0
White,31-40,PhD,8,53.0,49,2,3,1
Asian,21-30,Master,3,,56,1,1,0
Black,51-60,Bachelor,17,50.0,54,2,1,0
White,21-30,HighSchool,8,68.0,75,1,3,1
Black,31-40,Master,9,36.0,65,3,2,1
Hispanic,41-50,Bachelor,9,,81,3,3,0
Black,41-50,Bachelor,18,73.0,32,4,3,0
White,31-40,Bachelor,5,66.0,86,1,1,0
White,31-40,Bachelor,6,54.0,42,2,3,0
Hispanic,31-40,Bachelor,4,51.0,52,3,3,0
White,21-30,Bachelor,1,69.0,66,1,4,0
Hispanic,21-30,HighSchool,9,65.0,81,4,1,0
Asian,31-40,Master,6,87.0,52,2,1,1
Hispanic,21-30,HighSchool,11,32.0,67,4,2,0
Black,21-30,HighSchool,8,60.0,54,2,2,0
Other,41-50,Bachelor,11,67.0,8,3,2,1
White,51-60,Master,20,63.0,49,1,3,0
Black,31-40,Bachelor,5,62.0,37,2,0,1
Asian,21-30,Bachelor,5,61.0,82,2,6,1
Asian,21-30,Bachelor,5,,83,1,2,1
Black,51-60,Bachelor,15,60.0,34,3,5,0
Hispanic,21-30,PhD,7,66.0,42,2,0,1
Other,21-30,PhD,3,64.0,48,1,2,0
Black,31-40,Bachelor,8,72.0,69,2,5,1
Asian,31-40,Bachelor,5,61.0,69,1,4,1
Asian,31-40,Master,8,71.0,100,1,2,1
Black,21-30,HighSchool,4,,54,2,2,0
White,21-30,Bachelor,6,98.0,61,1,3,1
White,51-60,Bachelor,29,61.0,84,2,1,1
White,21-30,PhD,5,57.0,65,1,3,1
White,41-50,HighSchool,11,61.0,30,2,6,1
White,41-50,Bachelor,11,50.0,56,2,2,1
White,31-40,Master,3,47.0,72,1,3,0
White,31-40,Bachelor,3,65.0,53,1,1,1
White,21-30,HighSchool,7,66.0,74,2,0,1
Other,31-40,PhD,10,68.0,72,1,2,1
Asian,41-50,Bachelor,12,64.0,41,2,3,0
White,51-60,Bachelor,19,63.0,77,1,6,1
Black,21-30,Bachelor,11,38.0,45,3,1,0
White,21-30,Bachelor,7,57.0,67,2,2,0
Hispanic,51-60,Bachelor,16,59.0,39,4,4,1
Black,41-50,HighSchool,14,,19,2,3,0
White,41-50,HighSchool,7,69.0,56,1,6,1
Asian,21-30,Master,3,62.0,94,1,2,1
Hispanic,31-40,Bachelor,6,54.0,59,3,4,1
Hispanic,41-50,HighSchool,13,60.0,23,2,6,0
Asian,41-50,Bachelor,14,72.0,53,2,2,0
Black,31-40,Master,10,67.0,45,3,3,1
White,21-30,HighSchool,8,94.0,78,1,1,1
Other,31-40,Bachelor,7,77.0,55,1,6,0
White,21-30,HighSchool,7,42.0,28,1,4,1
Hispanic,31-40,HighSchool,7,40.0,69,2,2,1
Black,51-60,HighSchool,14,52.0,53,3,4,0
Black,31-40,Master,10,,54,2,4,1
Asian,41-50,HighSchool,12,70.0,31,1,2,0
White,21-30,HighSchool,6,72.0,92,1,5,1
White,41-50,Bachelor,17,57.0,41,2,2,0
White,51-60,Master,18,82.0,66,1,2,0
White,21-30,Bachelor,11,86.0,51,2,3,1
Black,21-30,Bachelor,7,29.0,72,4,4,1
White,31-40,HighSchool,8,43.0,60,2,2,1
White,21-30,Bachelor,13,81.0,60,2,3,0
Other,41-50,Bachelor,16,78.0,35,2,5,0
Hispanic,51-60,Bachelor,17,64.0,59,3,4,1
Hispanic,31-40,Bachelor,4,57.0,85,4,2,0
Other,21-30,Bachelor,5,,41,2,4,0
White,31-40,HighSchool,10,73.0,45,1,2,0
White,41-50,Bachelor,11,67.0,90,1,3,1
Black,21-30,HighSchool,7,,41,3,2,0
Black,31-40,Master,5,46.0,50,4,2,1
White,31-40,PhD,7,65.0,84,1,4,1
Hispanic,31-40,PhD,11,,85,4,0,1
White,21-30,Master,8,67.0,16,1,1,1
White,41-50,Bachelor,11,75.0,63,2,6,0
Asian,21-30,Master,7,74.0,56,1,3,0
Asian,21-30,Bachelor,6,58.0,57,1,4,1
Asian,41-50,Bachelor,14,49.0,70,1,6,0
White,41-50,Bachelor,14,53.0,43,2,4,1
Hispanic,21-30,Bachelor,7,,50,2,3,1
White,21-30,Master,9,37.0,54,2,2,1
White,21-30,Bachelor,9,81.0,53,1,6,1
Hispanic,21-30,Bachelor,4,,66,4,8,0
Other,21-30,PhD,1,92.0,83,2,5,1
Hispanic,21-30,HighSchool,7,49.0,67,3,2,1
Hispanic,31-40,Bachelor,9,52.0,59,2,1,0
Black,41-50,PhD,14,,59,3,6,1
Asian,31-40,Bachelor,12,70.0,74,1,3,1
White,41-50,Bachelor,10,61.0,60,1,1,0
Asian,21-30,Bachelor,7,65.0,47,1,2,1
White,51-60,Bachelor,17,,57,2,1,1
White,41-50,Master,12,72.0,11,1,5,1
Black,41-50,Bachelor,9,44.0,77,4,3,0
Asian,41-50,Bachelor,7,66.0,77,1,2,0
White,51-60,HighSchool,15,71.0,66,2,4,0
White,31-40,HighSchool,3,86.0,82,2,5,0
Black,21-30,PhD,9,69.0,58,4,3,1
White,31-40,Bachelor,9,66.0,46,2,2,0
Hispanic,41-50,Bachelor,14,56.0,27,3,6,0
Asian,41-50,HighSchool,10,69.0,68,1,0,0
Asian,31-40,Master,7,76.0,46,2,2,1
Asian,21-30,PhD,11,53.0,53,1,6,1
Hispanic,31-40,Bachelor,7,70.0,64,3,3,0
White,51-60,HighSchool,19,50.0,49,1,4,1
Black,31-40,Bachelor,11,63.0,64,3,1,1
Asian,31-40,Master,6,73.0,27,2,4,1
White,21-30,Bachelor,5,54.0,55,1,2,1
Hispanic,31-40,Master,8,33.0,74,3,1,0
Black,41-50,Bachelor,11,53.0,42,2,2,0
Black,41-50,Master,11,,34,2,3,0
Hispanic,41-50,Bachelor,13,54.0,67,2,3,0
Hispanic,31-40,HighSchool,7,38.0,52,3,3,0
Black,31-40,Bachelor,8,,63,3,4,1
Hispanic,21-30,Bachelor,3,72.0,56,3,3,0
Black,41-50,PhD,8,58.0,49,2,4,0
Black,31-40,Master,6,76.0,87,3,3,0
Black,31-40,Master,4,67.0,70,3,1,0
Black,31-40,Bachelor,6,39.0,38,2,1,0
White,51-60,HighSchool,17,55.0,43,1,1,0
Hispanic,21-30,Master,5,72.0,52,4,4,1
Hispanic,41-50,Bachelor,11,42.0,53,4,3,0
White,21-30,Bachelor,6,70.0,76,2,7,0
Hispanic,31-40,Bachelor,7,67.0,60,4,7,0
White,21-30,HighSchool,8,61.0,60,1,4,1
White,31-40,Bachelor,5,67.0,19,1,4,0
Black,31-40,Bachelor,12,69.0,83,4,3,0
White,21-30,HighSchool,9,76.0,56,2,10,1
Hispanic,31-40,PhD,6,63.0,64,3,3,0
Hispanic,51-60,Bachelor,16,,54,2,4,0
Asian,21-30,HighSchool,6,73.0,46,2,2,0
White,41-50,Bachelor,8,34.0,45,1,5,0
White,31-40,Master,7,87.0,46,1,2,1
Black,41-50,Bachelor,13,55.0,74,4,3,1
Other,21-30,Bachelor,7,53.0,19,3,2,0
Black,21-30,HighSchool,7,65.0,42,3,3,0
White,21-30,HighSchool,6,73.0,54,1,4,0
Black,21-30,Bachelor,5,,86,4,2,0
Asian,21-30,Master,8,66.0,72,2,5,1
Black,41-50,Master,14,,20,4,3,0
White,41-50,HighSchool,12,64.0,47,2,3,0
Black,41-50,Bachelor,15,81.0,62,2,4,0
Asian,41-50,PhD,6,64.0,90,1,4,1
Other,21-30,Bachelor,12,63.0,53,3,4,1
White,21-30,Master,14,54.0,38,1,0,0
Black,31-40,HighSchool,6,,65,4,2,1
Hispanic,21-30,PhD,7,,59,2,6,0
White,31-40,Master,3,57.0,68,1,2,1
Hispanic,31-40,PhD,9,54.0,72,2,4,0
Black,31-40,Master,8,59.0,65,3,3,1
White,31-40,Bachelor,5,65.0,69,1,4,1
White,41-50,PhD,8,,79,2,3,1
Black,41-50,Bachelor,9,58.0,44,4,2,0
White,31-40,Bachelor,9,74.0,37,1,2,1
Asian,51-60,Master,13,100.0,55,2,1,1
White,51-60,Master,13,83.0,26,1,3,1
Black,31-40,PhD,6,51.0,39,2,1,0
White,31-40,Bachelor,5,83.0,45,1,6,0
Hispanic,31-40,Master,9,41.0,37,2,1,1
Other,51-60,Master,20,56.0,71,2,0,1
Other,41-50,HighSchool,14,75.0,50,1,4,0
Black,21-30,Bachelor,8,,72,3,1,0
White,31-40,Bachelor,11,74.0,69,1,4,1
Black,31-40,Bachelor,4,,56,4,1,0
White,31-40,PhD,8,56.0,77,1,3,1
White,21-30,Bachelor,8,66.0,51,1,3,1
White,41-50,Master,17,61.0,46,1,2,1
Asian,41-50,PhD,11,78.0,37,1,4,1
Black,41-50,Bachelor,14,52.0,75,4,5,0
Black,41-50,Master,13,52.0,48,2,1,0
Asian,41-50,Bachelor,9,40.0,60,1,3,1
White,31-40,Master,11,78.0,49,1,6,1
Other,31-40,HighSchool,3,69.0,75,1,1,0
Asian,21-30,PhD,4,30.0,73,1,3,1
Asian,41-50,Bachelor,12,71.0,20,1,1,1
White,21-30,Bachelor,8,58.0,60,1,3,0
Black,41-50,Master,12,68.0,52,3,4,0
Black,21-30,Bachelor,4,55.0,54,2,4,1
White,21-30,Bachelor,10,52.0,84,1,3,0
White,21-30,Bachelor,5,90.0,38,2,3,1
Black,21-30,Master,11,80.0,51,4,3,1
Black,41-50,Bachelor,9,54.0,34,2,1,0
White,41-50,HighSchool,9,70.0,68,1,2,0
Other,31-40,Bachelor,7,58.0,41,3,4,0
White,21-30,Bachelor,11,39.0,27,2,2,0
Asian,21-30,HighSchool,11,84.0,67,1,5,1
Hispanic,21-30,Bachelor,10,45.0,57,3,0,1
Asian,21-30,Bachelor,4,84.0,78,1,3,0
Black,41-50,HighSchool,14,,64,4,2,0
White,21-30,Bachelor,4,69.0,59,2,5,1
White,31-40,Master,6,64.0,34,2,6,1
Other,21-30,HighSchool,7,75.0,38,3,3,0
Asian,21-30,Bachelor,11,51.0,28,2,1,0
Hispanic,31-40,Master,5,77.0,57,2,4,1
White,31-40,Bachelor,6,67.0,48,1,1,0
White,21-30,Master,8,87.0,56,1,4,1
White,21-30,Bachelor,5,63.0,63,2,1,1
Black,31-40,Bachelor,4,59.0,94,2,4,1
White,21-30,HighSchool,6,68.0,70,2,1,0
Hispanic,21-30,Master,5,65.0,61,3,5,0
Asian,51-60,Master,18,92.0,21,1,2,1
Other,31-40,HighSchool,10,58.0,60,1,5,1
White,31-40,Bachelor,4,63.0,75,1,2,0
Hispanic,31-40,PhD,6,,67,3,3,1
Black,31-40,Bachelor,4,,41,3,2,0
Black,31-40,Bachelor,6,48.0,53,2,1,0
Hispanic,41-50,PhD,13,49.0,51,3,7,1
Black,41-50,Master,12,,42,2,4,1
Black,21-30,Bachelor,7,60.0,48,4,3,0
White,31-40,Master,6,72.0,21,2,6,1
White,31-40,Master,6,42.0,46,1,1,1
Hispanic,41-50,Bachelor,12,,54,2,3,0
Black,31-40,Bachelor,5,71.0,75,3,5,1
Black,31-40,Bachelor,4,92.0,61,4,3,1
Asian,21-30,PhD,12,54.0,79,1,3,1
White,31-40,Master,5,37.0,58,2,1,1
White,21-30,HighSchool,6,53.0,44,1,4,1
Black,31-40,Master,4,45.0,51,3,4,1
Asian,21-30,Bachelor,9,53.0,68,2,5,1
White,41-50,HighSchool,10,78.0,45,1,2,0
Asian,21-30,Bachelor,1,70.0,48,2,2,0
White,31-40,Bachelor,4,48.0,31,1,2,1
Asian,41-50,Master,11,86.0,33,1,3,1
White,21-30,Bachelor,7,93.0,52,2,3,1
Black,31-40,Master,4,31.0,49,4,2,0
White,31-40,Bachelor,4,82.0,42,1,2,1
Asian,21-30,HighSchool,8,62.0,88,2,2,0
White,41-50,PhD,11,50.0,60,1,5,0
White,21-30,Bachelor,5,43.0,99,1,2,0
White,31-40,Bachelor,4,58.0,31,1,3,0
Asian,31-40,Bachelor,7,57.0,65,1,4,0
Black,31-40,Master,8,59.0,52,2,2,0
White,41-50,Bachelor,11,97.0,50,1,1,0
Black,21-30,HighSchool,11,49.0,93,3,5,0
Hispanic,21-30,HighSchool,12,35.0,28,4,4,0
Black,41-50,Bachelor,15,52.0,39,2,4,1
White,31-40,Master,5,80.0,46,1,3,1
Asian,41-50,Bachelor,10,61.0,39,2,3,1
White,41-50,Bachelor,11,74.0,12,1,6,1
White,41-50,HighSchool,18,67.0,73,1,1,0
Other,31-40,Bachelor,10,65.0,83,1,5,1
White,31-40,PhD,5,88.0,70,2,5,1
Asian,41-50,Bachelor,18,50.0,25,1,5,1
Black,31-40,PhD,4,41.0,64,3,6,1
Black,21-30,Bachelor,4,43.0,75,2,2,0
Asian,41-50,HighSchool,12,70.0,56,1,3,0
White,41-50,Master,13,65.0,49,1,6,0
White,31-40,Bachelor,14,75.0,85,1,1,1
Asian,21-30,Master,5,63.0,47,1,2,1
White,31-40,PhD,3,62.0,56,1,4,1
White,41-50,HighSchool,15,69.0,61,1,1,0
White,51-60,HighSchool,20,90.0,55,1,2,0
White,21-30,Master,7,47.0,70,2,3,1
White,21-30,Bachelor,11,51.0,69,1,0,1
White,41-50,HighSchool,10,65.0,59,2,3,1
Asian,31-40,HighSchool,10,95.0,53,2,2,1
Black,31-40,HighSchool,12,40.0,47,4,0,0
Hispanic,51-60,Master,17,56.0,52,4,2,0
White,21-30,HighSchool,10,51.0,87,2,3,1
White,31-40,Bachelor,8,70.0,59,2,0,0
White,21-30,Bachelor,10,34.0,70,1,2,0
Black,31-40,Bachelor,5,41.0,62,3,3,0
Black,41-50,HighSchool,10,76.0,86,3,1,0
White,31-40,Master,8,65.0,57,1,6,0
Hispanic,51-60,HighSchool,16,45.0,60,2,3,0
White,31-40,Master,3,64.0,47,1,1,1
Asian,31-40,Master,5,64.0,39,2,2,0
Black,21-30,Bachelor,14,,59,4,4,0
Hispanic,31-40,Bachelor,8,25.0,81,3,1,0
Black,31-40,Bachelor,4,41.0,71,2,5,0
Hispanic,21-30,Bachelor,6,42.0,22,3,5,0
White,31-40,Master,10,74.0,73,1,1,1
Hispanic,31-40,Master,5,56.0,32,4,2,0
White,41-50,Bachelor,16,86.0,65,2,2,1
Hispanic,41-50,Bachelor,7,69.0,59,3,4,1
Asian,41-50,PhD,16,59.0,47,2,2,1
Hispanic,21-30,PhD,6,56.0,73,4,2,1
Asian,21-30,Bachelor,4,84.0,55,2,3,1
Black,41-50,Bachelor,13,78.0,52,3,6,1
Asian,31-40,Bachelor,5,63.0,34,1,2,0
Black,21-30,PhD,6,42.0,55,3,3,0
White,41-50,HighSchool,10,33.0,66,1,3,0
White,41-50,Bachelor,11,33.0,26,1,3,0
White,31-40,Bachelor,3,72.0,74,2,3,0
White,21-30,Bachelor,6,71.0,23,1,4,1
Hispanic,41-50,Bachelor,16,46.0,28,2,1,0
White,31-40,PhD,11,84.0,54,2,2,1
Other,41-50,HighSchool,15,61.0,52,2,0,0
White,41-50,Bachelor,13,56.0,39,1,2,1
White,41-50,HighSchool,14,,39,2,6,1
Black,31-40,HighSchool,7,72.0,79,3,4,1
Black,21-30,Bachelor,5,,81,2,3,0
Asian,41-50,Bachelor,11,72.0,42,2,4,1
Asian,31-40,Bachelor,5,74.0,52,1,2,0
Black,41-50,Bachelor,12,89.0,44,4,0,0
White,21-30,HighSchool,4,63.0,99,1,3,1
Other,21-30,Bachelor,4,47.0,60,2,0,0
Other,41-50,PhD,13,74.0,78,3,2,1
Black,41-50,PhD,12,57.0,63,3,3,1
White,51-60,Bachelor,19,66.0,48,1,3,1
Black,41-50,Bachelor,13,56.0,38,4,3,0
White,31-40,PhD,6,41.0,74,1,6,1
White,41-50,HighSchool,13,68.0,35,1,2,0
White,41-50,Master,13,59.0,43,2,5,1
Asian,31-40,PhD,1,60.0,71,1,6,1
Hispanic,31-40,HighSchool,12,51.0,55,2,4,0
Black,21-30,HighSchool,7,56.0,52,2,3,0
Black,31-40,PhD,6,60.0,54,2,3,1
Asian,41-50,Bachelor,12,64.0,37,1,2,1
White,21-30,HighSchool,11,82.0,68,1,4,1
White,21-30,Bachelor,5,76.0,60,2,6,1
Other,31-40,Bachelor,5,63.0,35,3,3,0
White,21-30,Master,9,49.0,51,2,3,1
Hispanic,21-30,Master,6,65.0,53,3,2,1
Asian,31-40,PhD,10,60.0,53,1,6,1
Asian,51-60,Bachelor,12,,60,1,2,1
Black,31-40,Bachelor,5,,47,4,3,0
Asian,21-30,Bachelor,3,71.0,100,1,3,1
Hispanic,21-30,Bachelor,9,92.0,84,3,1,1
Hispanic,41-50,HighSchool,12,49.0,74,4,1,0
Asian,31-40,PhD,6,74.0,41,1,2,1
White,41-50,Master,15,83.0,13,1,1,1
Asian,41-50,Bachelor,9,57.0,43,1,5,0
Hispanic,41-50,Bachelor,16,20.0,55,3,0,0
White,21-30,Bachelor,6,75.0,57,1,3,0
Black,41-50,Bachelor,10,58.0,40,3,5,0
Black,21-30,Master,8,61.0,28,2,2,1
Black,51-60,Bachelor,20,57.0,37,2,3,0
White,31-40,PhD,10,82.0,55,1,4,1
Black,31-40,Bachelor,6,55.0,51,4,3,1
Hispanic,21-30,Bachelor,13,89.0,50,2,2,0
White,21-30,Master,6,75.0,45,1,4,1
White,41-50,HighSchool,13,80.0,79,1,1,0
Other,21-30,Bachelor,4,65.0,72,2,1,1
White,31-40,Bachelor,13,69.0,77,2,4,1
Hispanic,21-30,Bachelor,2,31.0,64,3,2,0
Asian,41-50,Master,11,56.0,25,1,4,0
White,41-50,Bachelor,8,81.0,63,2,2,1
Hispanic,41-50,Master,11,,74,4,1,1
Asian,41-50,Bachelor,17,48.0,76,2,3,0
Asian,21-30,Bachelor,8,54.0,71,1,2,0
White,21-30,Master,7,54.0,60,1,2,1
Asian,41-50,Bachelor,11,64.0,49,1,4,1
White,31-40,Bachelor,6,52.0,69,1,6,1
White,31-40,Bachelor,10,86.0,30,1,4,0
Other,21-30,Bachelor,5,68.0,71,3,3,1
White,21-30,HighSchool,9,44.0,51,1,3,1
Black,21-30,Bachelor,6,,99,3,3,1
White,41-50,Bachelor,12,64.0,44,1,1,0
Black,21-30,Bachelor,6,64.0,63,4,0,0
White,31-40,PhD,5,69.0,62,1,2,1
Other,21-30,Bachelor,6,71.0,47,1,1,1
Asian,41-50,Master,11,59.0,58,2,3,1
White,31-40,HighSchool,8,69.0,66,1,1,1
White,41-50,Bachelor,19,62.0,68,1,6,1
White,41-50,Master,13,70.0,62,1,2,0
Asian,31-40,Bachelor,4,62.0,63,2,3,0
White,51-60,Master,16,60.0,35,1,3,0
Hispanic,51-60,Bachelor,19,35.0,35,2,0,0
Asian,41-50,HighSchool,17,64.0,79,1,3,1
White,41-50,Bachelor,11,68.0,51,2,3,0
Black,21-30,Bachelor,12,84.0,97,2,2,1
Black,31-40,Master,7,64.0,45,4,3,1
White,21-30,Bachelor,7,,99,1,1,1
White,21-30,PhD,3,49.0,43,1,3,0
White,51-60,PhD,16,69.0,42,2,3,1
Black,31-40,Bachelor,11,,67,4,7,1
Black,41-50,Bachelor,13,48.0,67,2,0,1
Asian,41-50,Master,16,53.0,62,2,6,0
Hispanic,41-50,PhD,11,,15,3,4,0
Hispanic,51-60,Bachelor,22,68.0,39,3,4,0
Asian,21-30,Bachelor,5,35.0,39,1,3,1
Hispanic,21-30,Bachelor,8,76.0,35,3,7,0
White,31-40,Master,15,61.0,59,2,3,1
White,21-30,Bachelor,10,55.0,21,2,2,0
White,21-30,Master,12,78.0,77,1,6,1
White,31-40,HighSchool,1,,73,1,2,0
Asian,41-50,HighSchool,8,49.0,79,1,2,1
Hispanic,31-40,Bachelor,10,34.0,40,3,5,0
White,31-40,Bachelor,5,75.0,42,1,2,1
White,41-50,Bachelor,11,76.0,68,2,1,0
Asian,21-30,Bachelor,9,,80,1,5,1
Hispanic,21-30,Bachelor,7,76.0,84,3,0,1
White,41-50,HighSchool,11,65.0,70,1,3,0
Asian,31-40,Bachelor,9,84.0,63,2,1,0
White,41-50,PhD,11,50.0,41,1,3,0
White,21-30,Bachelor,6,48.0,73,2,3,1
Other,41-50,Bachelor,10,,42,1,3,1
Other,31-40,Bachelor,11,59.0,61,1,2,0
White,31-40,PhD,9,82.0,53,1,5,1
Other,31-40,Bachelor,8,69.0,64,2,6,1
Black,41-50,Master,18,,72,3,5,0
Hispanic,31-40,Master,3,57.0,53,3,2,1
Asian,31-40,Bachelor,2,58.0,50,1,2,0
Asian,51-60,HighSchool,21,52.0,48,2,7,1
Asian,41-50,Master,7,63.0,28,1,3,1
Black,31-40,HighSchool,9,54.0,71,4,4,0
White,41-50,Bachelor,8,53.0,52,1,2,0
White,31-40,Master,5,53.0,59,1,2,1
White,21-30,Bachelor,9,77.0,65,1,2,0
Black,31-40,Master,7,63.0,33,3,7,1
White,51-60,HighSchool,20,79.0,75,1,0,1
Black,51-60,Master,19,52.0,40,3,8,0
Other,31-40,Bachelor,13,48.0,53,1,5,0
White,31-40,Bachelor,9,56.0,75,2,4,1
Black,21-30,HighSchool,5,72.0,71,2,6,0
Asian,51-60,PhD,18,40.0,85,1,2,1
Hispanic,51-60,HighSchool,14,78.0,32,3,5,0
White,31-40,HighSchool,6,48.0,43,1,3,1
Black,41-50,Bachelor,14,68.0,28,4,2,0
Hispanic,41-50,Bachelor,9,41.0,52,4,6,0
Hispanic,31-40,Bachelor,6,48.0,55,3,5,1
Black,21-30,HighSchool,5,26.0,47,3,5,0
Asian,31-40,Bachelor,5,92.0,58,2,3,1
Black,41-50,Bachelor,12,,31,2,3,0
Hispanic,41-50,Bachelor,14,66.0,77,2,3,0
Asian,31-40,Bachelor,7,57.0,47,2,4,1
White,51-60,Master,19,51.0,39,2,3,1
Hispanic,21-30,Bachelor,8,68.0,17,3,2,1
Black,31-40,Bachelor,12,38.0,30,4,2,0
Black,41-50,Bachelor,19,54.0,39,4,1,0
White,41-50,PhD,16,46.0,44,1,1,1
Black,31-40,PhD,10,58.0,72,4,3,0
White,21-30,Master,12,36.0,33,1,5,1
Black,21-30,Bachelor,4,34.0,68,2,2,1
White,31-40,HighSchool,6,52.0,71,1,3,0
Black,31-40,Bachelor,7,66.0,72,2,5,1
Other,21-30,Bachelor,7,57.0,78,2,2,1
White,41-50,Bachelor,10,79.0,29,1,2,0
Other,31-40,Master,8,87.0,69,1,3,1
Asian,41-50,Master,14,60.0,81,1,3,1
Hispanic,41-50,Master,11,,75,3,1,0
Black,21-30,Bachelor,6,71.0,94,2,5,1
Asian,21-30,Master,8,,64,1,5,1
Black,41-50,Bachelor,10,43.0,39,2,1,0
Hispanic,31-40,HighSchool,11,,14,4,4,0
Asian,41-50,Master,12,79.0,27,1,5,1
White,41-50,HighSchool,12,73.0,40,1,3,0
Black,41-50,Bachelor,12,,43,3,1,0
Hispanic,51-60,Bachelor,18,50.0,35,3,5,0
Black,31-40,Master,5,44.0,66,2,5,1
Black,31-40,Master,7,49.0,63,3,4,0
Asian,31-40,Bachelor,8,45.0,60,2,3,1
Hispanic,21-30,Master,7,78.0,74,4,3,1
White,31-40,Bachelor,6,100.0,51,1,3,0
Asian,21-30,Bachelor,6,54.0,79,1,2,1
White,51-60,Master,16,73.0,28,1,2,1
White,31-40,Master,8,62.0,54,1,4,1
White,31-40,PhD,7,,65,1,1,1
White,31-40,Bachelor,5,80.0,25,1,2,1
Black,21-30,Master,4,39.0,50,4,3,0
White,21-30,Bachelor,5,57.0,72,1,0,0
Asian,31-40,PhD,7,83.0,52,1,2,1
White,21-30,HighSchool,9,72.0,27,1,2,1
White,31-40,Master,4,69.0,44,1,2,1
White,41-50,Bachelor,13,72.0,25,1,4,1
White,41-50,Bachelor,11,74.0,58,2,3,0
Black,41-50,Bachelor,8,74.0,52,3,1,0
Black,21-30,Bachelor,5,68.0,31,3,5,0
Black,41-50,Bachelor,11,56.0,20,2,4,0
Asian,41-50,Master,15,70.0,36,1,5,0
White,21-30,Bachelor,7,63.0,60,2,3,1
Hispanic,41-50,Bachelor,8,45.0,37,3,3,1
Asian,21-30,Bachelor,7,64.0,66,2,2,1
Asian,41-50,HighSchool,12,63.0,55,1,2,0
White,51-60,Bachelor,20,39.0,59,2,3,0
White,21-30,Bachelor,5,76.0,34,1,1,1
White,41-50,Bachelor,11,79.0,45,1,2,1
White,31-40,HighSchool,3,,79,2,7,0
Asian,51-60,Bachelor,17,78.0,37,1,2,0
Asian,31-40,Bachelor,6,62.0,45,1,3,1
Black,41-50,Bachelor,18,49.0,41,4,3,0
Black,21-30,Bachelor,8,71.0,50,2,4,1
Hispanic,31-40,HighSchool,7,41.0,62,2,3,0
Black,21-30,PhD,4,40.0,49,2,3,1
Other,51-60,Master,16,71.0,13,2,5,1
White,41-50,Master,11,71.0,71,2,1,1
White,41-50,HighSchool,13,78.0,59,1,2,1
White,51-60,Master,15,39.0,52,1,2,0
Black,21-30,Master,13,55.0,58,3,4,0
Hispanic,31-40,Master,12,,54,3,1,1
White,21-30,HighSchool,13,77.0,45,2,2,1
Hispanic,21-30,Bachelor,12,,26,3,1,0
White,21-30,Master,3,,89,1,3,1
Hispanic,31-40,Bachelor,9,,60,4,2,1
White,21-30,Bachelor,14,53.0,31,2,1,1
White,21-30,Bachelor,7,58.0,41,1,4,0
Asian,21-30,Bachelor,7,52.0,65,1,4,0
White,21-30,HighSchool,4,62.0,65,1,1,0
White,51-60,Bachelor,13,53.0,36,2,0,0
White,41-50,HighSchool,9,44.0,30,2,1,0
Hispanic,51-60,Bachelor,15,,39,2,2,0
Asian,31-40,Bachelor,3,71.0,25,1,2,1
White,21-30,Bachelor,14,90.0,51,1,3,0
Black,41-50,HighSchool,15,50.0,41,3,3,0
Black,31-40,Master,6,28.0,87,3,4,0
White,21-30,Master,8,77.0,51,1,3,1
Asian,21-30,HighSchool,11,78.0,64,2,2,0
White,21-30,HighSchool,7,82.0,88,2,2,0
White,21-30,HighSchool,4,87.0,40,1,3,0
Black,31-40,Master,3,,48,2,3,1
White,41-50,Bachelor,12,50.0,40,1,7,1
Asian,21-30,Bachelor,10,88.0,29,1,2,0
Black,21-30,HighSchool,6,,55,2,2,0
White,41-50,Bachelor,10,76.0,70,1,4,1
Asian,21-30,Master,11,68.0,75,2,2,1
White,31-40,Master,6,50.0,81,2,5,1
Other,41-50,Bachelor,9,82.0,38,2,3,0
Asian,21-30,HighSchool,5,58.0,39,1,4,0
Hispanic,21-30,HighSchool,4,84.0,100,4,2,0
Asian,31-40,HighSchool,5,53.0,63,1,4,0
White,31-40,Bachelor,8,49.0,30,1,2,0
Black,31-40,HighSchool,8,47.0,100,3,3,0
Other,41-50,Bachelor,9,87.0,48,1,3,0
Black,21-30,Bachelor,8,33.0,10,3,3,1
Hispanic,31-40,PhD,6,70.0,86,2,7,1
Hispanic,31-40,Bachelor,9,84.0,18,4,2,0
White,21-30,Master,7,62.0,65,2,6,0
White,31-40,Master,7,59.0,75,2,0,1
Black,21-30,HighSchool,6,58.0,72,4,3,1
Asian,31-40,Master,9,48.0,88,2,4,1
Hispanic,21-30,Bachelor,12,92.0,78,3,2,1
Hispanic,31-40,Bachelor,5,67.0,93,4,2,0
White,31-40,Bachelor,6,46.0,58,1,3,1
White,41-50,PhD,17,52.0,42,1,4,1
Black,21-30,Bachelor,6,59.0,53,2,4,0
White,31-40,Bachelor,7,45.0,84,1,0,1
Hispanic,31-40,PhD,4,,48,3,0,0
Asian,41-50,HighSchool,10,69.0,65,2,4,0
Black,31-40,Master,14,72.0,44,4,5,0
White,41-50,Master,12,78.0,34,1,4,1
Black,41-50,Master,7,56.0,71,2,4,1
Asian,41-50,PhD,10,60.0,57,1,6,1
Asian,31-40,PhD,7,65.0,21,1,2,0
White,31-40,HighSchool,6,79.0,44,2,3,0
Black,41-50,Master,11,38.0,3,4,2,1
Hispanic,51-60,Bachelor,17,45.0,43,4,1,0
White,41-50,Bachelor,15,59.0,45,1,7,1
White,31-40,HighSchool,11,61.0,51,1,3,0
White,21-30,Master,7,,81,1,2,1
Black,31-40,PhD,9,56.0,67,4,5,1
Black,41-50,PhD,15,67.0,90,3,4,1
Asian,31-40,Bachelor,8,38.0,69,1,5,1
White,31-40,HighSchool,5,40.0,69,1,2,0
White,41-50,Bachelor,15,55.0,54,2,3,1
Asian,31-40,Master,9,77.0,55,2,0,1
Asian,41-50,Master,14,55.0,38,1,7,0
Other,31-40,Bachelor,7,64.0,55,1,7,0
White,31-40,HighSchool,7,66.0,56,1,2,0
Black,31-40,Bachelor,8,61.0,58,2,2,0
Asian,41-50,Bachelor,10,,61,2,3,0
Asian,21-30,PhD,6,75.0,65,2,4,1
Black,21-30,Bachelor,11,,50,2,2,0
Black,51-60,Bachelor,19,55.0,36,3,5,0
Other,21-30,Bachelor,11,87.0,64,2,1,0
White,31-40,HighSchool,9,66.0,43,2,0,0
White,31-40,PhD,13,35.0,52,2,4,1
Black,31-40,Bachelor,11,92.0,50,2,1,0
Asian,31-40,Bachelor,9,65.0,100,1,1,1
White,21-30,Bachelor,6,72.0,37,2,2,0
White,31-40,Master,10,48.0,45,1,1,1
White,31-40,Master,8,97.0,49,1,1,1
Hispanic,41-50,Master,10,45.0,41,4,1,0
White,21-30,Bachelor,7,59.0,77,2,3,0
White,31-40,Bachelor,2,42.0,55,1,4,1
White,21-30,HighSchool,12,70.0,36,1,3,0
White,21-30,Master,4,60.0,85,2,2,1
White,21-30,HighSchool,5,41.0,64,1,3,0
Asian,21-30,Bachelor,5,63.0,67,1,2,0
White,41-50,Master,9,66.0,61,1,3,1
Hispanic,21-30,Master,12,,37,3,2,1
White,51-60,Bachelor,19,37.0,49,2,4,1
Asian,51-60,Bachelor,25,69.0,64,1,2,1
Hispanic,31-40,HighSchool,7,37.0,48,4,4,0
Black,21-30,Master,4,,65,2,1,1
Asian,31-40,Master,3,56.0,69,1,2,1
White,41-50,Bachelor,20,78.0,23,1,4,0
White,31-40,Bachelor,10,65.0,41,1,4,1
Black,21-30,Master,7,,18,4,2,0
Other,31-40,Master,7,84.0,64,2,7,0
Black,41-50,Bachelor,10,44.0,83,2,2,0
Asian,41-50,Bachelor,9,,37,1,1,1
Black,21-30,HighSchool,6,65.0,56,4,0,1
Asian,41-50,HighSchool,14,45.0,68,1,3,1
White,21-30,PhD,8,53.0,64,2,2,1
Asian,21-30,Master,5,41.0,42,1,2,0
Other,41-50,Master,17,82.0,77,1,4,0
White,21-30,HighSchool,5,49.0,63,2,1,1
Black,21-30,Master,6,,55,3,2,0
White,21-30,Bachelor,7,45.0,57,1,2,1
Asian,41-50,Bachelor,11,,60,2,3,0
White,41-50,Bachelor,16,62.0,38,1,1,1
Asian,31-40,HighSchool,6,77.0,88,2,3,1
Black,41-50,Master,9,,72,3,2,0
White,21-30,Bachelor,8,55.0,60,2,6,1
Black,31-40,HighSchool,8,78.0,61,3,4,0
Black,31-40,HighSchool,2,,44,2,4,0
Hispanic,21-30,HighSchool,6,46.0,48,4,2,1
White,31-40,HighSchool,4,64.0,39,1,1,0
White,51-60,Bachelor,18,94.0,46,2,9,0
White,21-30,Master,2,47.0,61,1,6,1
Other,21-30,HighSchool,2,36.0,31,1,3,0
Hispanic,21-30,HighSchool,7,48.0,72,3,4,0
Asian,21-30,Bachelor,2,,44,2,3,0
Hispanic,51-60,Master,19,44.0,57,3,4,0
Asian,31-40,Bachelor,6,79.0,74,2,5,0
Black,31-40,Bachelor,4,60.0,83,2,2,0
White,41-50,Bachelor,16,55.0,69,1,2,1
Black,21-30,Bachelor,2,48.0,89,3,4,0
White,31-40,HighSchool,4,53.0,74,2,1,0
Hispanic,31-40,Master,6,69.0,63,4,7,1
Black,31-40,Bachelor,11,49.0,51,4,2,1
Black,51-60,Bachelor,17,39.0,47,2,5,0
White,41-50,Master,13,79.0,79,1,5,1
White,31-40,Master,9,,56,2,5,1
White,41-50,Bachelor,9,44.0,49,2,1,1
White,21-30,Bachelor,11,,86,1,5,1
White,21-30,HighSchool,9,74.0,55,1,5,0
Hispanic,21-30,HighSchool,7,57.0,45,3,2,0
Asian,31-40,Master,5,,80,2,4,1
White,31-40,Master,7,60.0,45,1,5,1
White,31-40,PhD,7,60.0,67,2,6,1
Asian,51-60,Bachelor,16,60.0,54,2,3,1
Black,31-40,HighSchool,14,,65,3,3,1
Asian,31-40,HighSchool,3,63.0,16,1,4,0
Hispanic,21-30,Master,9,,74,2,1,1
Asian,21-30,Bachelor,8,68.0,58,2,2,0
Other,31-40,Bachelor,8,64.0,71,3,10,0
Hispanic,31-40,Master,8,46.0,69,4,5,0
White,41-50,Master,14,63.0,55,2,3,0
Hispanic,21-30,Master,9,65.0,52,4,3,1
White,21-30,HighSchool,5,31.0,53,1,2,0
Hispanic,31-40,Master,8,65.0,59,4,3,1
White,21-30,Master,6,46.0,63,1,2,1
Hispanic,21-30,Bachelor,15,,52,2,5,1
Hispanic,41-50,Bachelor,16,14.0,66,4,2,0
Hispanic,21-30,Bachelor,8,65.0,54,2,5,0
Black,31-40,PhD,9,45.0,42,3,3,1
White,21-30,HighSchool,4,57.0,70,1,2,0
White,21-30,Bachelor,14,66.0,93,1,4,1
Asian,31-40,HighSchool,5,35.0,38,2,3,0
White,41-50,Master,12,65.0,47,1,4,1
Black,31-40,HighSchool,8,,79,3,3,0
White,41-50,Bachelor,13,67.0,60,1,2,1
Other,21-30,Bachelor,8,59.0,71,2,5,0
Black,41-50,PhD,16,57.0,50,3,2,1
Hispanic,21-30,Bachelor,8,,12,3,1,0
White,41-50,HighSchool,11,76.0,54,1,4,0
Hispanic,31-40,Master,8,75.0,66,4,2,1
Hispanic,51-60,Bachelor,13,,70,4,5,1
Asian,31-40,PhD,8,68.0,46,2,3,1
Black,21-30,HighSchool,7,46.0,90,4,4,1
Black,21-30,Bachelor,8,63.0,54,2,2,0
White,41-50,Bachelor,7,71.0,41,1,1,1
Asian,31-40,HighSchool,7,62.0,47,2,3,0
White,41-50,Master,11,72.0,68,1,3,0
White,21-30,Bachelor,4,65.0,40,2,5,0
White,31-40,Master,7,64.0,71,1,5,1
White,21-30,Bachelor,9,51.0,45,1,1,0
White,51-60,Bachelor,19,67.0,49,1,2,0
White,41-50,Bachelor,16,56.0,22,1,6,0
Other,51-60,PhD,21,78.0,64,1,1,1
Asian,21-30,Bachelor,6,52.0,57,2,3,1
Other,31-40,Bachelor,6,69.0,70,1,3,0
Asian,41-50,Bachelor,12,61.0,46,1,4,0
White,31-40,Bachelor,8,68.0,69,1,4,1
Asian,41-50,Bachelor,10,64.0,49,1,5,1
Asian,51-60,PhD,19,52.0,63,2,2,0
White,41-50,Bachelor,11,81.0,59,1,1,1
Black,41-50,Master,13,43.0,53,4,1,0
White,21-30,HighSchool,7,74.0,43,1,3,0
Black,21-30,Master,9,31.0,52,4,4,1
Black,51-60,PhD,12,52.0,36,4,5,1
White,21-30,HighSchool,10,87.0,85,1,6,1
White,41-50,PhD,11,60.0,64,2,5,0
Black,41-50,Bachelor,12,58.0,50,4,2,0
Asian,31-40,PhD,9,89.0,49,1,4,1
White,51-60,Master,21,62.0,35,2,3,0
Other,31-40,Bachelor,2,68.0,62,2,3,1
White,31-40,HighSchool,9,74.0,93,2,4,0
Black,21-30,Bachelor,6,36.0,60,2,1,0
Other,31-40,HighSchool,8,,81,1,1,1
White,21-30,HighSchool,3,66.0,64,2,6,1
White,31-40,HighSchool,9,41.0,70,2,1,1
White,41-50,Bachelor,11,85.0,41,1,2,1
White,51-60,Master,12,76.0,46,1,2,1
White,21-30,HighSchool,4,74.0,45,2,2,0
Black,31-40,HighSchool,6,76.0,65,3,4,0
White,51-60,Bachelor,17,75.0,45,1,6,0
Asian,21-30,HighSchool,12,61.0,66,2,5,1
Other,21-30,HighSchool,8,40.0,42,2,2,1
Hispanic,21-30,HighSchool,10,46.0,68,2,3,0
Black,31-40,PhD,8,47.0,63,3,4,1
White,21-30,Master,6,74.0,62,1,2,0
Black,51-60,Bachelor,16,58.0,57,4,4,1
Asian,31-40,Master,8,41.0,55,1,1,1
Asian,31-40,Bachelor,7,77.0,100,1,0,0
White,21-30,Master,10,84.0,68,1,3,1
Hispanic,31-40,Master,12,79.0,61,4,4,0
Asian,41-50,Bachelor,11,48.0,63,1,1,1
White,41-50,Bachelor,13,69.0,40,1,5,1
White,41-50,HighSchool,8,,40,1,2,0
Asian,31-40,Bachelor,4,94.0,74,2,1,1
Hispanic,51-60,Master,24,57.0,66,3,2,0
Black,41-50,Bachelor,10,51.0,71,3,4,0
Black,41-50,Master,12,48.0,24,2,2,0
White,21-30,PhD,5,70.0,57,1,0,1
Asian,21-30,HighSchool,6,72.0,65,1,1,1
Asian,21-30,Master,4,40.0,72,1,2,0
White,41-50,Master,12,85.0,59,1,5,1
White,31-40,PhD,8,72.0,44,1,3,0
Black,31-40,PhD,9,77.0,69,3,4,1
White,41-50,Master,14,90.0,55,1,2,0
Asian,41-50,Bachelor,14,63.0,55,1,3,0
White,51-60,Master,20,77.0,30,1,1,1
White,31-40,HighSchool,7,56.0,43,1,0,0
White,41-50,Master,12,,82,1,0,1
Other,21-30,PhD,8,88.0,77,3,3,1
Hispanic,21-30,Bachelor,9,45.0,58,2,1,1
Other,21-30,Bachelor,6,,59,3,4,1
Asian,31-40,Bachelor,7,,100,1,1,1
White,31-40,Bachelor,8,55.0,60,2,4,1
Asian,41-50,Bachelor,11,57.0,47,2,2,0
Asian,21-30,Master,5,86.0,45,2,1,0
Hispanic,41-50,PhD,10,64.0,45,2,1,0
White,31-40,PhD,6,77.0,29,1,3,1
Asian,21-30,HighSchool,6,37.0,69,1,1,1
White,31-40,Master,11,65.0,82,1,4,1
White,21-30,Master,8,59.0,82,1,3,1
Black,31-40,Bachelor,8,64.0,47,2,5,0
Asian,31-40,HighSchool,3,100.0,18,1,1,1
White,21-30,Bachelor,11,29.0,66,1,5,1
White,21-30,PhD,5,70.0,83,1,3,1
Asian,31-40,Bachelor,12,98.0,31,1,5,1
Black,51-60,Master,18,49.0,43,4,2,0
Hispanic,31-40,Bachelor,5,59.0,66,4,6,0
Other,41-50,Master,8,75.0,34,1,2,0
Black,41-50,HighSchool,15,24.0,18,3,3,0
White,51-60,Bachelor,13,68.0,36,2,2,1
Black,41-50,Bachelor,11,45.0,39,3,5,0
Asian,31-40,HighSchool,11,95.0,26,1,2,1
White,41-50,Master,8,61.0,69,2,3,0
Hispanic,41-50,Bachelor,10,46.0,77,2,4,1
White,31-40,Master,7,77.0,60,1,5,1
Hispanic,31-40,Bachelor,7,64.0,73,4,1,1
Asian,21-30,Bachelor,7,78.0,33,1,4,0
Black,41-50,HighSchool,10,85.0,47,4,3,0
Black,41-50,HighSchool,15,48.0,39,2,7,0
Hispanic,21-30,PhD,8,82.0,67,2,3,1
Black,31-40,Bachelor,4,85.0,11,2,4,0
Black,31-40,Master,10,,54,3,3,0
White,21-30,PhD,8,54.0,71,1,6,1
Asian,51-60,Bachelor,18,65.0,54,1,3,0
White,21-30,Bachelor,10,62.0,74,1,1,0
Black,21-30,Master,6,82.0,49,2,2,0
Asian,31-40,PhD,11,52.0,10,2,3,0
Black,41-50,PhD,12,60.0,69,4,1,0
White,21-30,Bachelor,8,53.0,73,1,4,0
White,41-50,Master,9,66.0,78,2,2,1
Black,31-40,HighSchool,8,89.0,61,4,2,0
White,21-30,PhD,10,92.0,67,2,4,1
White,21-30,PhD,8,70.0,100,2,2,1
White,31-40,HighSchool,7,74.0,26,2,2,0
Other,21-30,Bachelor,9,72.0,68,1,3,0
Black,51-60,HighSchool,14,52.0,71,3,1,0
White,41-50,Bachelor,13,93.0,53,2,0,1
White,51-60,Master,20,84.0,51,2,7,1
White,21-30,Bachelor,4,,33,1,4,1
Black,51-60,HighSchool,19,53.0,76,4,5,0
Black,31-40,Bachelor,10,54.0,79,4,3,0
White,31-40,PhD,11,70.0,83,1,3,1
White,21-30,Bachelor,1,64.0,59,1,0,1
White,21-30,Bachelor,9,82.0,54,1,1,1
Black,41-50,HighSchool,11,64.0,49,3,1,0
Black,31-40,PhD,10,,90,2,6,0
White,21-30,Master,5,47.0,55,1,4,1
White,31-40,Bachelor,6,79.0,86,1,2,1
White,21-30,HighSchool,3,47.0,57,1,3,0
Other,31-40,HighSchool,8,59.0,44,3,4,1
White,31-40,HighSchool,8,58.0,22,1,4,0
Black,41-50,Bachelor,11,38.0,60,2,1,1
Black,41-50,PhD,12,,63,2,3,0
White,31-40,Bachelor,8,63.0,39,1,3,1
White,31-40,Master,12,55.0,86,2,6,1
White,31-40,Bachelor,6,,35,1,1,1
Black,41-50,Master,9,20.0,62,2,2,1
Black,31-40,Master,5,44.0,73,4,3,1
Black,21-30,HighSchool,8,48.0,79,3,2,0
Asian,21-30,Bachelor,4,44.0,24,1,5,0
White,31-40,Bachelor,9,98.0,79,1,3,1
Other,31-40,HighSchool,7,98.0,57,2,1,0
Black,41-50,Bachelor,12,46.0,43,4,3,0
White,21-30,Bachelor,8,84.0,74,1,2,1
Other,31-40,PhD,9,73.0,77,1,3,1
Black,41-50,Bachelor,13,81.0,14,4,2,0
Asian,41-50,Master,14,63.0,26,2,4,1
Black,31-40,Bachelor,13,63.0,81,4,2,1
Hispanic,31-40,Master,3,78.0,68,3,2,0
Black,31-40,Bachelor,4,,63,3,5,1
White,51-60,Master,18,67.0,32,1,3,1
White,21-30,Bachelor,7,50.0,67,1,1,1
Hispanic,51-60,Bachelor,17,,71,3,4,0
White,41-50,Bachelor,10,37.0,90,2,3,1
White,31-40,Bachelor,7,76.0,53,1,3,0
Asian,21-30,HighSchool,14,68.0,75,1,1,1
Asian,31-40,HighSchool,11,69.0,93,1,3,1
Black,31-40,HighSchool,8,,33,4,5,0
Hispanic,21-30,Master,8,39.0,92,3,2,1
White,41-50,Bachelor,10,69.0,53,2,0,1
White,51-60,Bachelor,20,74.0,51,1,3,1
White,31-40,Master,10,51.0,50,1,4,0
Hispanic,41-50,Bachelor,13,56.0,43,2,3,1
Black,21-30,Bachelor,4,47.0,46,4,3,0
White,31-40,HighSchool,8,61.0,42,1,5,0
Hispanic,21-30,PhD,6,,68,2,2,1
Hispanic,31-40,Master,11,52.0,80,4,2,1
Hispanic,51-60,Master,19,81.0,31,4,2,0
Hispanic,41-50,Bachelor,11,,37,3,3,0
White,21-30,Master,8,54.0,64,1,2,1
Black,31-40,HighSchool,11,47.0,39,3,4,0
Asian,31-40,HighSchool,10,62.0,64,1,3,1
Hispanic,31-40,HighSchool,8,83.0,55,4,1,0
Black,41-50,Bachelor,14,78.0,20,3,3,0
Black,41-50,Bachelor,8,54.0,58,4,5,0
Black,31-40,Bachelor,10,47.0,49,2,5,1
White,31-40,HighSchool,9,38.0,78,1,3,0
Asian,21-30,Bachelor,6,51.0,56,1,4,1
Other,21-30,Master,10,35.0,47,1,5,1
Hispanic,31-40,Bachelor,10,68.0,59,4,3,0
White,31-40,Master,3,85.0,82,2,3,1
White,41-50,Bachelor,10,59.0,83,1,0,1
White,41-50,Master,8,70.0,60,1,4,0
Black,21-30,Bachelor,10,,49,2,3,0
Hispanic,31-40,Bachelor,15,,60,4,3,1
White,21-30,Bachelor,10,65.0,58,1,1,0
Asian,21-30,Bachelor,8,70.0,57,1,1,1
Hispanic,41-50,Master,12,82.0,45,3,3,1
Black,21-30,Bachelor,9,87.0,42,4,3,1
Asian,31-40,Bachelor,4,60.0,77,1,1,1
Asian,21-30,Master,5,78.0,75,1,5,1
Asian,41-50,Master,13,69.0,50,1,3,0
White,31-40,Bachelor,9,65.0,82,1,2,1
Asian,21-30,Bachelor,6,,70,1,2,1
Black,31-40,Bachelor,10,54.0,39,3,6,0
Hispanic,41-50,Bachelor,15,,43,3,3,0
Black,51-60,Bachelor,17,,76,3,1,0
Black,21-30,PhD,2,60.0,53,4,3,1
White,41-50,Bachelor,8,91.0,37,2,0,1
Asian,51-60,Bachelor,17,51.0,63,1,3,0
White,51-60,Bachelor,19,22.0,44,1,3,1
White,31-40,PhD,5,58.0,70,1,3,1
Black,31-40,Master,5,44.0,59,2,1,0
Other,31-40,Bachelor,4,42.0,45,3,5,1
White,41-50,Master,6,84.0,37,2,10,0
Asian,31-40,Bachelor,6,44.0,29,1,0,0
Hispanic,41-50,Bachelor,14,65.0,30,3,3,0
White,31-40,HighSchool,7,95.0,71,2,5,0
Asian,41-50,Bachelor,11,47.0,71,1,4,1
Black,41-50,Bachelor,17,53.0,39,3,5,0
Black,21-30,PhD,3,,35,2,5,1
White,41-50,Bachelor,13,58.0,70,1,0,1
White,31-40,PhD,6,69.0,81,1,3,0
Black,41-50,Bachelor,9,,63,4,2,0
Asian,31-40,Bachelor,3,67.0,33,2,4,0
White,31-40,Bachelor,10,58.0,69,1,1,0
Black,51-60,HighSchool,15,45.0,59,2,1,0
White,21-30,Bachelor,5,48.0,76,1,0,1
Black,41-50,HighSchool,17,65.0,52,4,4,0
White,31-40,Bachelor,6,,46,1,4,1
Other,31-40,Bachelor,5,82.0,52,2,2,1
White,31-40,Master,4,88.0,81,1,1,1
White,31-40,Bachelor,6,47.0,66,1,1,0
White,31-40,HighSchool,2,76.0,36,1,2,1
White,21-30,Bachelor,5,95.0,90,1,3,1
Hispanic,21-30,PhD,7,44.0,80,2,0,1
Other,21-30,Master,8,83.0,89,3,5,1
White,51-60,Bachelor,18,73.0,70,2,3,0
Asian,51-60,Bachelor,17,79.0,33,1,3,0
Black,31-40,HighSchool,7,45.0,65,3,1,1
Hispanic,41-50,PhD,11,85.0,60,3,1,1
Asian,31-40,Master,12,54.0,35,2,0,0
White,41-50,Bachelor,16,74.0,28,2,4,0
Asian,41-50,Bachelor,10,64.0,63,1,3,0
Black,51-60,HighSchool,21,,64,4,2,0
White,31-40,PhD,7,50.0,100,1,2,1
Black,41-50,HighSchool,14,38.0,45,3,4,0
White,21-30,Bachelor,4,69.0,29,1,4,0
Black,51-60,Bachelor,18,51.0,47,2,0,0
White,21-30,Master,4,58.0,75,2,0,1
Asian,31-40,Master,7,73.0,53,2,6,1
Asian,41-50,Master,11,42.0,51,2,6,1
Black,41-50,Bachelor,16,75.0,38,3,3,0
White,21-30,Master,3,66.0,81,1,0,1
Asian,51-60,HighSchool,18,,63,1,5,1
Asian,21-30,Bachelor,10,72.0,45,1,5,1
Asian,31-40,Bachelor,6,73.0,50,1,3,1
Black,21-30,PhD,9,39.0,47,2,6,1
Black,31-40,Bachelor,10,74.0,26,3,2,0
Hispanic,31-40,Master,4,,46,3,4,0
White,31-40,Master,6,,28,1,3,0
Hispanic,21-30,Bachelor,7,55.0,76,3,0,1
Asian,21-30,Bachelor,8,70.0,78,1,4,0
White,31-40,Bachelor,7,67.0,54,2,4,0
White,41-50,Bachelor,13,73.0,53,1,1,1
White,41-50,Bachelor,10,89.0,69,2,2,1
Black,21-30,HighSchool,4,,74,3,5,0
Black,31-40,Master,5,68.0,96,2,6,0
Black,21-30,PhD,6,55.0,64,2,3,1
Asian,21-30,Bachelor,6,82.0,86,1,4,1
Asian,41-50,Bachelor,16,89.0,51,2,3,0
White,31-40,HighSchool,6,67.0,57,1,2,1
White,21-30,Master,5,74.0,72,1,2,1
Asian,21-30,Master,4,83.0,69,1,3,1
White,21-30,HighSchool,8,79.0,49,1,0,0
White,41-50,HighSchool,8,83.0,35,1,2,0
Asian,51-60,Master,16,60.0,51,1,4,1
Black,21-30,Bachelor,10,49.0,25,3,1,0
Other,21-30,HighSchool,10,47.0,54,3,4,1
Hispanic,41-50,Bachelor,7,,32,4,4,0
Black,51-60,Bachelor,16,55.0,39,4,3,0
Asian,31-40,Bachelor,9,62.0,45,2,5,0
Black,21-30,Master,3,64.0,73,2,5,0
Black,21-30,Master,7,64.0,68,2,3,0
White,31-40,Bachelor,7,64.0,60,2,2,1
Asian,31-40,PhD,4,70.0,53,1,4,0
Hispanic,21-30,Bachelor,7,69.0,78,2,1,1
White,31-40,Master,8,,76,1,4,0
Asian,21-30,Bachelor,5,78.0,57,2,3,1
Asian,41-50,Master,13,55.0,74,1,3,1
White,31-40,PhD,7,86.0,56,1,3,1
White,21-30,HighSchool,12,67.0,63,1,4,0
White,31-40,PhD,8,65.0,49,1,4,1
White,31-40,Master,11,38.0,52,2,4,1
White,51-60,Master,15,74.0,38,1,0,0
Hispanic,31-40,Bachelor,7,58.0,72,4,2,0
White,21-30,Master,5,67.0,66,1,4,1
Asian,41-50,Master,8,63.0,31,2,5,0
White,21-30,Bachelor,11,74.0,70,2,8,1
Hispanic,51-60,PhD,17,69.0,82,3,4,1
White,31-40,HighSchool,8,72.0,48,2,2,0
Asian,31-40,HighSchool,8,84.0,47,1,3,0
Hispanic,21-30,Bachelor,8,46.0,60,2,4,0
Hispanic,31-40,Bachelor,1,,84,3,1,1
White,41-50,Bachelor,7,71.0,42,2,2,0
Hispanic,41-50,HighSchool,9,66.0,83,3,5,0
Asian,21-30,PhD,4,72.0,40,1,4,1
Asian,21-30,HighSchool,5,45.0,63,1,5,1
White,41-50,HighSchool,16,46.0,19,2,3,0
White,51-60,HighSchool,19,62.0,33,2,3,0
Black,21-30,Bachelor,2,30.0,56,2,3,0
Asian,31-40,PhD,7,68.0,64,1,5,1
Asian,31-40,Master,9,63.0,82,1,5,1
Black,41-50,Master,10,43.0,37,2,6,0
Black,21-30,HighSchool,9,,67,4,4,1
White,21-30,Bachelor,10,66.0,35,1,3,1
Black,41-50,Bachelor,7,34.0,68,3,6,0
White,21-30,Bachelor,8,55.0,83,1,1,0
Black,31-40,HighSchool,9,53.0,78,3,3,0
Black,31-40,Master,6,,78,2,1,1
Other,31-40,Bachelor,6,60.0,58,2,2,0
White,31-40,Master,7,85.0,64,1,3,1
White,31-40,Bachelor,4,79.0,58,1,1,0
White,21-30,HighSchool,14,55.0,59,2,5,0
